"id","sku","username","comment_text","comment_date","rating"
469323,"1198d4a1bb33460b9381e3a292a9dcab",ุญุณุงู ูพูุฑููฺฉ,"ูุง ุงุฒ ุชูุฑุงู ูุฑูุชู ุจู ุณูุช ุงุณุชุงุฑุง ุจุนุฏ ุงุฒ ุฑุดุช ุฎูุงุณุชู ู ุฌุง ุจฺฏุฑู ุงุณุชุฑุงุญุช ฺฉูู ุฎู ุงู ูุฒูููู ูุดู
 ุณุงุช ุดูุง ุงูุฌุงุฑู ูพุดููุงุฏ ฺฉุฑุฏ ูุงุจู ูุจูู ุจูุฏ ู ูุณุจุช ุจู ูพูู ฺฉู ูพุฑุฏุงุฎุช ฺฉุฑุฏู ุจุฑุง ุงูู ููุชู ุจูุชุฑ ุงู ุจูุฏ
ููููู ุงุฒ ูพุดุชุจุงู ุจุฑุง ุฒุญูุงุชุดูู","ฑดฐณ/ฐฑ/ฑน","5"
469324,"1198d4a1bb33460b9381e3a292a9dcab",ูุญุง ูุชุญ,"ูุณุจุช ุจู ููุช ุฎูุจ ุจูุฏ ู ุชูุฒ
 ูุฒุฏฺฉ ุฌูฺฏู ุจูุฏ","ฑดฐณ/ฐฑ/ฑน","5"
469325,b24f41c070e34fdebaa002958fd5b550,ูุงูุงู ุญูุฏ,ููู ฺุฒ ุฎูุจ ุจูุฏ ููฺฉุดู ุนุงู ุงุณูุงูุช ุจูุฏ,"ฑดฐณ/ฐถ/ฒต","5"
469326,d89b71f765344d5a93024d1a038ca248,ูุฑุถู ุจุงุชูุงู,ููู ฺ ุนุงู ุจูุฏ ูุงูุนุง ููุง ุชูุฒ ุจูุฏ ฺฉุงููุง ุดุจู ุนฺฉุณุง ุจูุฏ ู ุจุฑุฎูุฑุฏ ุตุงุญุจ ููุงูู ุฎูุจ ู ูุญุชุฑูุงูู ุจูุฏ,"ฑดฐณ/ฐน/ฒฑ","5"
469327,d89b71f765344d5a93024d1a038ca248,ุงูุฑ ุฑุถุง,"ุจุงุชุดฺฉุฑ ุงุฒ ุงูุง ููุชุงุจ
ูุงูุนุง ููู ฺุฒ ุนุงู ุจูุฏ
ุงููู ููุง ุจูุฏ ฺฉ ุฑู ูุจููุง ู ุชุฎุช ููุญูู ููุฏุงุฎุชู ูุงูุนุง ุชูุฒ ุจูุฏ","ฑดฐณ/ฐธ/ฒฐ","5"
469328,"65439c3ae83d48458249f04852109968",ูุฑู ุงูุชุฎุงุฑ,"ุขูพุงุฑุชูุงู ุจุณุงุฑ ุชูุฒ ุจูุฏ
ูุดฺฉู ูุฏุฏู ููููู ุงุฒ ุฌุงุฌูุฑู","ฑดฐณ/ฐน/ฒฐ","5"
469329,"65439c3ae83d48458249f04852109968",ุงุนุทุง ูุธุฑ,"ุจุณุงุฑ ุชูุฒ ุจูุฏ
ููููู ุงุฒ ุฎุงูู ูุฑุฏุขุจุงุฏ","ฑดฐณ/ฐน/ฐฒ","5"
469330,"65439c3ae83d48458249f04852109968",ุงูุฑ ุฑุถุง,"ูู ฺูุฏู ูุงู ุงุฒ ุฌุงุฌูุฑู ููุง ุงุฌุงุฑู ูฺฉูู
ุชุง ุญุงูุง ุขูพุงุฑุชูุงู ุงุฌุงุฑู ูฺฉุฑุฏู ุจูุฏู ุงูุง ุนุงู ุจูุฏ
ุฏุฑุณุชู ููุฑุฏ ูุงุชูู ฺฉูู ุงูุง ููุดูู ุงุฑุฒุฑุด ุงุฌุงุฑู ุฏุงุฑู ูุงูุนุง ูููููู ุงุฒ ุฌุงุฌูุฑู ู ูพุดุชุจุงู","ฑดฐณ/ฐธ/ฒฐ","5"
469331,"7544838913864739bf91a1c2a21c65f9",ุณูุงูู ุฎูุด ุฐูู,"ููุงุฒู ูุง ููู ูู ุจูุฏ
ุญููู ุงู ุฎูุงุณุชู ุจุฑุงููู ุงูุฑุฏู
ุณุงุฎุชูุงู ุฎู ูุฒุฏฺฉ ุจูุฏ ุจู ูุชุฑู","ฑดฐณ/ฐท/ฒท","5"
469332,"1a6810c718bf4eb2aabc7e803e481ddf",ูุชุฑุง ุขุฏูู,ูุชุดฺฉุฑ ุงุฒ ูุฒุจุงู ุ ุฎุงุทุฑู ุฎู ุฎูุจ ุจุฑุง ูุง ุฑูู ุฎูุฑุฏ.,"ฑดฐณ/ฐธ/ฒฐ","5"
469333,c478f8084c0a42ab8a91fcc2848da814,ุงุญุณุงู ุฑุถุง,"ุจุฑุง ูููุงู ุนุงู ุจูุฏ
ููุง ุจุง ุงููุช ู ุจุฒุฑฺฏ ุจูุฏ ุงฺฉุซุฑ ููุงุฒู ูุง ูู ุจูุฏู
ููููู ูุงูุนุง","ฑดฐณ/ฐฒ/ฑถ","1"
469334,d300a29347864116824701b3964a3017,ุณุนุฏ ูุญูุฏ,"ุงู ููุง ุฑู ูุง ฺูู ูุฒุฏฺฉ ููุงุช ุจูุฏ ฺฏุฑูุชู
ุงุฒ ุงูฺฉุงูุงุช ุงุณุชุฎุฑ ุงุณุชูุงุฏู ฺฉุฑุฏู ุขุจ ุชูุฒ ุจูุฏ
ููููู ุงุฒ ุฎุงูู ุนูุฑุถุง","ฑดฐณ/ฐท/ฑน","5"
469335,eb263688026b4072b203b33bf96f1ce5,ูุญุง ุฑุถุง,"ูุฏุฑู ู ุนุงู ุจูุฏ ุดูููู ูุฒูู ุนุงู ุฏุงุดุช ุณุณุชู ุตูุช ุฎูุจ ู ุชุฎุช ูุง ุชูุฒ ุจูุฏ
ูุฒุฏฺฉ ุจูุฏ ุจู ุฏุฑุง ุฎู ูุง ุจุดุชุฑ ุงุฒ ุงูฺฉุงูุงุช ููุง ุงุณุชูุงุฏู ฺฉุฑุฏู ููู ฺุฒ ุนุงู ุจูุฏ","ฑดฐณ/ฐฑ/ฑน","5"
469336,eb263688026b4072b203b33bf96f1ce5,ููุชุงุจ ุญูุช,"ูุฑฺ ุจฺฏู ุงุฒ ุงู ุงูุงูุชฺฏุงู ูุงูุนุง ฺฉู ฺฏูุชู ุจ ูุธุฑู
ููุณุงุฒ ุจูุฏ ููุงุฒู ูุง ููู ูู ุจูุฏ
ูุง ูุฑ ููุง ฺฉู ุฌุงุฌูุฑู ุชุงุฏ ฺฉูู ู ููุตููู ุจุงุดู ุฑุฒุฑู ูฺฉูู ุงูุง ุงู ู ุญุณ ุญุงู ุฏฺฏู ุฏุงุดุช
ููููู ุงุฒ ุณุงุช ุฎูุจุชูู","ฑดฐณ/ฐฑ/ฑณ","5"
469337,"1a3de9e3efb140a3b72f0399e4e3cfb1",ุงุนุทุง ูุธุฑ,ูุณุจุช ุจู ููุชุด ุฎูุจ ุจูุฏ ูพุดููุงุฏ ูุดู,"ฑดฐณ/ฐด/ฒฐ","5"
469338,a277d35f57684d8eac3c7bbc4ddbe2ff,ูุญุดุฏ ุญูุฏ,ููู ฺ ุนุงู ู ุจุณุงุฑ ุชูุฒ ุจูุฏ ุญุชูุง ุฏูุจุงุฑู ูุฒุงุญูุดูู ูุดู,"ฑดฐณ/ฐท/ฒท","5"
469339,a277d35f57684d8eac3c7bbc4ddbe2ff,ูุฑุฒุงู ุงูู,ูู ุฏููู ุจุงุฑู ููุง ุฎุงููู ุฏูุงุฏ ุฑู ฺฏุฑูุชู ูุงูุนุง ุงูุฏุงุฒู  ุฎููู ุฎูุฏู ุชูุฒ ู ูุฑุชุจู ูุงูุนุง ููู ฺฉู ุงุฒ ุงู ุฑุงู ุฏุฑูุงุฑ ุญูุงูุช ููุด ุฌููููุช ุฎูุด ุฑู ูุฒุจุงู ุญุฑูู ุง ุชูุฒ ููุง ูุฑฺ ุตูุงุช ูุซุจุช ุจููุณูโฆ,"ฑดฐณ/ฐท/ฒท","5"
469340,a277d35f57684d8eac3c7bbc4ddbe2ff,ููุงุฑ ุงูุงุฎุงู,ุงูุงูุชฺฏุงู ุฎูุจ ุจูุฏ. ุจุฑุฎูุฑุฏ ูุฒุจุงู ุจุณุงุฑ ุนุงู ุจูุฏ. ูููููู ุงุฒ ูพุฐุฑุง ุดูู. ุขุจ ุงุณุชุฎุฑ ุฎู ุฎูุจ ู ุชูุฒ ุจูุฏ. ุจุง ุชุดฺฉุฑ,"ฑดฐณ/ฐท/ฒท","5"
469341,"386f45ed875447aca5915735dbbff4b5",ูุงูุงูุง ุจุงุฑุฒุงู,ุจุงุบ ุฎูุจ ู ุชูุฒ ู ุจุฑุฎูุฑุฏ ุฎู ุนุงู ูุฒุจุงู,"ฑดฐฒ/ฑฑ/ฒฑ","5"
469342,a1950e172d634750a849020ba9b8777f,ูุญุง ูุชุญ,"ุฑูุชุงุฑ ู ุจุฑุฎูุฑุฏ ูุฒุจุงู ุนุงู ุจูุฏ
 ููุง ุชูุฒ ู ูููุนุช ุฏุณุชุฑุณ ุนุงู ู ูุญุท ุขุฑุงู ู ุงุณุชุฎุฑ ุชูุฒ ููููู ุงุฒ ุงูุง ุฌูุงู ุนุฒุฒ  ุฏุฑ ุณูุฑูุง ุจุนุฏ ุงู ุงูุงูุชฺฏุงู ุจุงุฒ ุฑุง ุญุชูุง ุงูุชุฎุงุจ ูฺฉูู","ฑดฐณ/ฐฑ/ฑน","5"
469343,a1950e172d634750a849020ba9b8777f,ูุฑฺฏุณ ุจูุง,"ุฑุงุถ ุจูุฏู ุงุฒ ููู ฺ
ุชูุฒ ุจูุฏ
ูุง ุชุงุจุณุชูู ูู ุงููุฏู ุจูุฏู ุนุงู ุจูุฏ
ุชู ุงู ูุตู ูู ูฺ ฺฉู ูุฏุงุดุช
ุขุจ ุงุณุชุฎุฑ ฺฏุฑู ุจูุฏ ุ
ูุง ูุดฺฉู ูุฏุฏู","ฑดฐณ/ฐฑ/ฑณ","5"
469344,"263cc7a05e45425685e10da9220b6ba7",ูุญุง ุฑุถุง,"ูุฒุงุง ูุงุญุฏ ุงู ุจูุฏ ฺฉู ููฺฉุดู ุฎูุจ ุฏุงุดุช ู ุฎู ููฺฉุณ ุจูุฏ .
 ุงุทุฑุงูุด ูู ฺฉุงูู ุฑุณุชูุฑุงู ุฒุงุฏ ุจูุฏ . ุงููู ุฑุฒุฑู ูุง ุจุง ุฌุงุฌูุฑู ุจูุฏ ุจุณุงุฑ ุชุฌุฑุจู ุนุงู ฺฉุณุจ ฺฉุฑุฏู ููููู ุงุฒ ุฎุงูู ุซุงุจุช","ฑดฐณ/ฐท/ฑถ","5"
469345,"263cc7a05e45425685e10da9220b6ba7",ูุญูุฏ ูุจุงุช,"ุงู ุขูพุงุฑุชูุงู ู ูุง ุฑุฒุฑู ฺฉุฑุฏู ุจุฑุง6 ุดุจ
ููฺ ุนุงู ุจูุฏ ู ูู
ูุธุงูุช ุนุงู ุจูุฏ
ุชุง ุชฺฉุณู ูพุงุฏู 20 ูู ูุงุตูู ุฏุงุดุช","ฑดฐณ/ฐท/ฐด","5"
469346,"8ce7e64826224ff7a8a5024f9e48a277",ูุงู ูุงูุงู,"ุจุณุงุฑ ููุง ุชูุฒู ุงุฑุฒุด ฺูุฏู ุจุงุฑ ุฑุฒุฑู ูุงูุนุง ุฏุงุฑู
ููููู ุงุฒ ุงูุง ุญุฏุฑ","ฑดฐณ/ฐด/ฒฐ","5"
469347,c5a1f387f99c47bb8d370491d2a4d092,ุญุณู ุฌุนูุฑ,"ุณูุงู ุจู ุชู ุฎูุจ ุฌุงุฌูุฑู
ูุง ูุจูุง ุงู ุงู ููุง ุฑู ุฑุฒุฑู ฺฉุฑุฏู ุจูุฏู ฺฉู ูุฏู ุดุฏู ุจูุฏ
ุงูุง ุงูุจุงุฑ ฺฉู ุฑูุชู ุจุงุฒุณุงุฒ ุดุฏู ุจูุฏ ู ููุงุฒู ูุง ู ููุงูู ูุง ุชูุฒ ุจูุฏ
ูพุดููุงุฏ ูุดู","ฑดฐณ/ฐณ/ฐต","5"
469396,"2f83a0c6bfa14a3483660c6660c019e8",ุณุฏ ููุฑุฏุงุฏ ูพุฑุงุด,ุณูุงู ุงูุงูุชฺฏุงู ููุงุณุจ ู ุฎูุจ ูุณุช ุงุฒ ููู ูุญุงุธ ููุงุณุจู ูพุดููุงุฏ ูฺฉูู,"ฑดฐณ/ฐด/ฑฐ","4"
469348,c5a1f387f99c47bb8d370491d2a4d092,ุจุงุฑุงู ุงูุฑ,"ููู ฺุฒ ุฎูุจ ุจูุฏุ
 ุฑูุชุงุฑ ูุฒุจุงู ุจุณุงุฑ ูุญุชุฑูุงูู ุ ูููุนุช ูฺฉุงู ุงูุงูุชฺฏุงู ุฏุฑ ุฌุง ุจุณุงุฑ ุนุงู ุดูุฑฺฉ ุฎุงูู ุฏุฑุง ุจูุฏ.
ุฎูุฏ ุงูุงูุชฺฏุงู ุชูุฒ ู ุจุณุงุฑ ุนุงู.","ฑดฐณ/ฐฑ/ฑณ","5"
469349,e49a7eddfe374c8588f4b4da434e0f9d,ูุงูุงู ุฌู,"ููุง ูุงูุนุง ุนุงู ุจูุฏ
ุจุฑุง ููููู ุงููุช ุฏุงุดุช
ูพุดููุงุฏ ูุดู
ููุท 100 ูุชุฑ ุฎุงฺฉ ุฏุงุฑู ฺฉู ุจุฑุง ูุง ููู ูุจูุฏ","ฑดฐณ/ฐท/ฒท","5"
469350,e49a7eddfe374c8588f4b4da434e0f9d,ุณูพูุฏุงุฑ ุฌุนูุฑ,ุงฺฏุฑ ู ููููู ุฏุงุฑุฏ ุงุฒ ูุธุฑ ุงููุช ู ููฺฉุดู ู ูุถุง ุนุงูู ุงู ููุง,"ฑดฐฒ/ฑฑ/ฒฑ","5"
469351,e49a7eddfe374c8588f4b4da434e0f9d,ูุญุดุฏ ุญูุฏ,"ุจูุชุฑู ุชููุฏูู ูุฏูู ุงู ููุง ุดุฏู ููููู ุงุฒ ุณุงุช ุฎูุจุชูู ูุงูุนุง ฺฉู ุงู ุฑูุฒ ุจุฑุง ูู ุณุงุฎุช ุงู ููุงุฑู ูู ุชู ุณุงุช ูุง ุฏฺฏู ุงู ูุฏุฏู ููุท ุชู ุณุงุช ุดูุง ุจูุฏ
ุจู ููู ุฏูุณุชุงู ุงู ูพุดููุงุฏ ูุฏู","ฑดฐณ/ฐท/ฒท","5"
469352,"7c0412e2fe2a4014b28f9d24f4dc2abd",ุขุฑุงุฏ ุฑูุถุงู ูพูุฑ,ุนุงู ุจูุฏ ุฏููุง ูุทุงุจู ุนฺฉุณุง,"ฑดฐณ/ฐฒ/ฒฒ","4"
469353,"7c0412e2fe2a4014b28f9d24f4dc2abd",ุจุงุฑุงู ุงูุฑ,"ู ููุง ูุฑุชุจ ุดฺฉ. ุงุณุชุฎุฑู ู ููุง ูุงูุนุง ุชูุฒ ุนุงู ุจูุฏ
ุฏููุง ูุทุงุจู ุนฺฉุณ ุงุฒ ููู ููู ุชุฑ ุฑูุชุงุฑ ุนุงู ูุฒุงู
ุฏุฑ ฺฉู ูุงูุนุง ุนุงู ุจูุฏ","ฑดฐณ/ฐฑ/ฑณ","5"
469354,"7de980437acc4347a7bd23afdf0d8c73",ุณูุงูู ุฎูุด ุฐูู,"ููููู ุงุฒ ุณุงุช ุฌุงุฌูุฑู
ู ูพุดุชุงู ุฎุงูู ุฑุงุฏ ููุดู ูพุงุณุฎฺฏู ุจูุฏู
ุจุฑุง ูุฏุช 3 ุดุจ ุฑุฒุฑู ฺฉุฑุฏู
ูููุนุช ููุง ุฌุง ุฎูุจู ุดูุฑฺฉ ุจูุฏ ูุงูุนุง
ุชูุฒ ุจูุฏ ุงูุง ููุงุฒู ูุง ฺฉู ูุณุชุญูฺฉ ุดุฏู ุงูุง ูู ุฒุงุฏ
ูู ุญุงู ู ููุง ููุง ุนุงู ุจูุฏ","ฑดฐณ/ฐท/ฒท","5"
469355,"167f20755bfc425e8bc17ec5c53b88ef",ุนู ููุนู ููุฏ,"ูุงูุนุง ุจู ููุชุด ู ุงุฑุฒุฏ
ุชูุฒ ู ูุฑุชุจ ุจูุฏ
ูุง ูุฐุช ุจุฑุฏู","ฑดฐฒ/ฑฒ/ฑฐ","5"
469356,"167f20755bfc425e8bc17ec5c53b88ef",ููุงุฑ ุงูุงุฎุงู,"ูุณุจุช ุจู ููุช ุงฺฉ ุจูุฏ
ุงุณุชุฎุฑุงู ุชู ุนฺฉุณูุง ุณุงุช ุฎูุจ ูุจูุฏ ูฺฏุฑุงู ุจูุฏู ุฎูุจ ูุจุงุดู ุงูุง ุนุงู ุจูุฏ ูู ุชูุฒ ูู ฺฏุฑู ุงุจ
ููุงุฒู ูุง ุชูุฒ ุจูุฏ
ุจูุงุฑุฏ ุงู ุจุฒุงุฑู ุนุงู ูุดู
ุฏุฑ ฺฉู ุนุงู ุจูุฏ","ฑดฐณ/ฐท/ฒท","5"
469357,"07dd99b6360b4849941cf677f8f24f26",ูุญูุฏ ูุจุงุช,"ุชูุฒ ู ุนุงู ุจูุฏ
ูู ุนุงู ุฏุงุดุช
ุงุณุชุฎุฑ ุงู ุนุงู ุจูุฏ
ูพุดููุงุฏ ูุดู","ฑดฐณ/ฐณ/ฐต","5"
469358,"916586fe1d6942cbb872af5305764fbc",ุงูุฑ ูุฑุงุฏ,"ุงุณุชุฎุฑ ู ุฌฺฉูุฒ ฺฏุฑู ุจูุฏ
ูุง ูุฐุช ุจุฑุฏู
ููุงุฒู ุงุชุงู ูุงู ุชูุฒ ุจูุฏ","ฑดฐณ/ฐท/ฒท","5"
469359,"6debaa14e7d046708f806c5455815077",ูุฑุถู ุจุงุชูุงู,ูุธุงูุช ุนุงูู ู ูุณุจุช ุจู ููุชุด ู ุงุฑุฒุฏ. ูุฒุจุงู ูุญุชุฑูุงูู ุฑูุชุงุฑ ูฺฉุฑุฏ ู ูููุนุช ูฺฉุงู ูุทููุจ ุฏุงุดุช.,"ฑดฐณ/ฐธ/ฒฑ","5"
469360,a7696de5a3f0443bb335ffc67753ce10,ูุชุฑุง ุขุฏูู,ูพุดููุงุฏ ูุดู ูุดฺฉู ูุจูุฏ,"ฑดฐณ/ฐธ/ฒฐ","5"
469361,a7696de5a3f0443bb335ffc67753ce10,ุฎุดุงุงุฑ ูุงูุงู,"ุนุงู ู ุจู ููุช ุจุฑุง 2 ููุฑ
ุชุง ุชฺฉุณู ุจุง ูุงุดู 5 ุฏูู ุจูุฏ
ุจู ูุชุฑู ุงู ูุฒุฏฺฉ ุจูุฏ","ฑดฐฒ/ฑฒ/ฒฐ","5"
469362,"4d2255dbed794ef2828a899bcf42e364",ูุงูุงู ุฌู,"ุชูุฒ ุจูุฏ
ูุณุจุช ุจู ููุชุด ููุงุณุจ ุจูุฏ
ูุง ุจู ุงู ุฎุงุทุฑ ฺฉู ูุฎูุงุณุชู ุขููุงู ุฑุฒุฑู ฺฉูู ฺูู ุงุฒ ุฑุงู ุฏูุฑ ู ุงูุฏู
ููุท ูุฎูุงุณุชู ูุทูุฆู ุจุงุดู","ฑดฐณ/ฐท/ฒท","5"
469363,ca8450cc6c134190955d9037e4d380ea,ูุงุฑุง ุนุทุงุฑ,ุฎุงูู ฺฉุฑู ูุฒุจุงู ุจุณุงุฑุนุงู ุจูุฏู ูพุชู ุงุถุงู ูุงุฒู ุฏุงุดุชู ุจุฑุงููู ุงฺฉ ฺฉุฑุฏู ูุธุงูุช ู ุฏุณุชุฑ ุงู ุฎูุจ ุจูุฏ,"ฑดฐณ/ฐธ/ฒฐ","5"
469364,"7ff83901f899491ea9f5a3f8223edfed",ุนู ุฑุถุง ูุฑุฏ,"ูุฒุจุงู ูุญุชุฑู ุจูุฏ
ุงูุงูุชฺฏุงู ุชูุฒ ุจูุฏ ูู ุงู ุนุงู ุจูุฏ","ฑดฐณ/ฐท/ฒท","5"
469365,"0e527cdf192244088587f99278889e98",ูุงู ูุงูุงู,"ูุง ุจุฑุง ุงุฎุฑ ููุชู ุจุง ฺูุฏ ุชุง ุงุฒ ุฏูุณุชุง ฺฏุฑูุชู
ูุณุจุช ุจู ููุช ุนุงู
 ุขุจ ุงุณุชุฎุฑ ฺฏุฑู ุงุชุงู ูุง ู ุชุฎุช ูุง ุชูุฒ ุจูุฏ","ฑดฐณ/ฐน/ฒฐ","5"
469366,"9b23fbfb70604284b9e3d7b267e621f8",ูุฑุฒุงู ุงูู,ููู ฺ ุฎูุจ ุจูุฏ ููุท ุทุจูู ููู ฺฉ ุจูุฏ ุณุงุฎุชูุงู ุจูู ุงู ุฏุงุดุชู ูุณุงุฎุชู ุงูุง ุชุงู ูุง ูุง ุณุฑู ุตุฏุง ูุจูุฏ ูุณุจุช ุจู ููุช ุฎูุจ ุจูุฏ,"ฑดฐณ/ฐท/ฒท","5"
469367,"81323a8513cb4c019b0c18b7702d42ae",ุญุณู ุฌุนูุฑ,"ุงุฒ ุชู ุฎูุจ ุฌุงุฌูุฑู ููููู ุงู ุจุฑุง ูุฑุงูู ฺฉุฑุฏู ุงู ุขูพุงุฑุชูุงู ุนุงู
ููฺ ูุซู ูุชู ุชูุฒ ุจูุฏ ู ุจุง ุงููุช
ูุง 10 ุฑุฒุฑู ุฑุฒุฑู ฺฉุฑุฏู ููุงูู ู ูพุชู ูู ุงู ุจุฑุงููู ูุฑุงูู ูฺฉุฑูุฏ
ุชุฌุฑุจู ุนุงู ุจูุฏ ูุงูุนุง ููููู","ฑดฐณ/ฐณ/ฐต","5"
469368,"8ac22fb8d3fe43108207613b6a516908",ูุงูุฏ ูููุฑุฏ,"ุงูุงูุชฺฏุงู ุจุณุงุฑ ุชูุฒ ู ูู ุจูุฏ ุฎู ุจุดุชุฑ ุงุฒ ุญุฏ ุงูุชุธุงุฑ ู ุจูุชุฑ ู ุชูุฒ ุชุฑ ุงุฒ ฺุฒ ฺฉู ุชู ุนฺฉุณ ูุง ุฏุฏู ูุดู
ูุฒุจุงู ุจุณุงุฑ ููุฏุจ ู ูููุงู ููุงุฒ ุจูุฏู
ุงูฺฉุงูุงุช ุงูุงูุชฺฏุงู ฺฉุงูู ุจูุฏุ ูู ุงุฒ ูุญุงุธ ูุณุงู ุขุดูพุฒ ู ุธุฑูู","ฑดฐณ/ฐธ/ฒฐ","5"
469369,"8ac22fb8d3fe43108207613b6a516908",ุญุณู ุฌุนูุฑ,"ููู ฺ ุนุงู ุจูุฏ ู ุชูุฒ
ูุบุงุฒู ูุฒุฏฺฉ ุจูุฏ
ููุทูู ุงู ุทุจุนุช ุฎูุจ ุฏุงุดุช","ฑดฐณ/ฐณ/ฐต","5"
469370,"9261405471e54dd684cdd6b858c479fd",ูุญุง ูุชุญ,"ููู ฺุฒ ุชูุฒ ู ูู ุจูุฏ
ููููู ุงุฒ ุฑุงูููุง ูพุดุชุจุงู
 ุจู ุชฺฉุณู ูุงูุนุง ูุฒุฏฺฉ ุจูุฏ ฺูุฏ ุฏููู ูพุงุฏู ุฑู ุฏุงุดุช","ฑดฐณ/ฐฑ/ฑน","5"
469371,"32a8f52848a9448da6e2318463d4a1fc",ูุนู ุงุดุชุฑ,"ููุง ุจุณุงุฑ ุฎูุจู
ููฺฉุดู ุฎูุจ ุงู ุฏุงุฑู
ูุดฺฉู ูุฏุฏู ูพุดููุงุฏ ูุดู","ฑดฐณ/ฐน/ฑฒ","5"
469372,"32a8f52848a9448da6e2318463d4a1fc",ุณูพูุฏุงุฑ ุฌุนูุฑ,ููููู ุงุฒ ุฎุงูู ุนุงุจุฏ ุจุฑุง ูฺฏูุฏุงุฑ ุงุฒ ุงู ููุง ูุงูุนุง ูุซู ุฎููู ุฎูุฏููู ุจูุฏ ุชูุฒ ู ูุฏุฑู ููููู ุงุฒ ุฌุงุฌูุฑู ู ุชู ุฎูุจุชูู,"ฑดฐณ/ฐธ/ฒต","5"
469373,"3993d765e6d04d93b74e6a1fcddda93d",ุงูุฑ ูุฑุงุฏ,"ููููู ุงุฒ ุงูุง ุนุธู ฺฉู ููุดู ุจูุชุฑู ููุง ูุง ุฑู ุจุฑุง ุงุฌุงุฑู ูุนุฑู ูฺฉููุฏ ุจูุฏู3 ุณุงู ูุดุชุฑ ุซุงุจุชุดูู ูุณุชู
ุงู ููุงุฑู ูุฑูุชู ุจูุฏู ุงูุง ููู ฺุด ุนุงู ู ุงูุจุชู ุงุณุชุฎุฑ ุชูุฒ ู ุขุจ ฺฏุฑู ุจูุฏ
ูุจู ูุงู ูู ุดุฏู ุจูุฏ","ฑดฐณ/ฐท/ฒท","5"
469472,bfcc3093593c4855939e042e0af007dd,ุณูุงูู ุงุตู ููุฏ,"ููู ฺุฒ ูุทุงุจู ุจุง ุนฺฉุณ ูุง ุจูุฏ
ููฺฉุดู ุขูพุงุฑุชูุงู ุนุงู ุจูุฏ
ูุฒุจุงู ุจุณุงุฑ ุจุง ุดุฎุตุช ุจูุฏู","ฑดฐณ/ฐน/ฐน","5"
469374,fd824fce3b9d4a57a7a19227d8e57c45,ูุงูุฏ ูููุฑุฏ,"ุจุณุงุฑ ููุง ุจุฒุฑฺฏู ุนุงู ุจูุฏ
ูุถุง ูุง ุฎูุจ ุจุฑุง ูููุงู ุฏุงุดุช ู ูุง ุงุฎุฑ ุดุจ ุงุฒ ุงุณุชุฎุฑ ุงุณุชูุงุฏู ฺฉุฑุฏู ุชูุฒ ู ฺฏุฑู ุจูุฏ","ฑดฐณ/ฐฒ/ฒฑ","5"
469375,"9084ec9c21d74e12b2b5db6aa4d68efc",ูุงู ูุงูุงู,ูุง ุจุฑุง ุณูุฑ ุจุง ุฎุงููุฏู ุงุฌุงุฑู ฺฉุฑุฏู ุนุงู ุจูุฏ ููููู ุงุฒ ุงูุง ุญุณู ูพูุฑ,"ฑดฐณ/ฐธ/ฒฐ","5"
469376,"635afdb69f6642e681f5bfadc0e500d6",ุขุฑูู ุจุงุจุงุฆ,"ูุงูุนุง ุชูุฒ ุจูุฏ .
ููู ู ุฌูู ุฌูุฑ ุจูุฏ.
ุฑูุชุงุฑ ููุงุณุจ
 ุชููุง ููุทู ุถุนู ูุดู ุจู ุณุฎุช ุจูุฏู ูุญู ูพุงุฑฺฉ ุงุดุงุฑู ฺฉุฑุฏ ฺฉู ุงูููุฏุฑุง ูู ููู ูุจูุฏ","ฑดฐณ/ฐฑ/ฑณ","5"
469377,"44012d42b9fc4e2c9b4ef53a79c17d46",ุนู ููุนู ููุฏ,ุณุณุชู ุตูุช ู ุงุณุชุฎุฑ ุนุงู ุจูุฏ ูููููู ุงุฒ ุงูุง ุฎูุณู ู ุณุงุช ุฎูุจุชูู,"ฑดฐณ/ฐท/ฐฑ","5"
469378,"44012d42b9fc4e2c9b4ef53a79c17d46",ุณูู ูุธุฑ,"ููููู ุงุฒ ูพุดุชุจุงู ุฌุงุฌูุฑู ููุง ุญุช ุงุฑุฒุด ฺูุฏู ุจุงุฑ ุฑูุชูู ุฏุงุฑู ูพุดููุงุฏ ูฺฉูู ุงุฒ ููู ูุญุงุธ ุนุงู ุจูุฏ
 ููฺฉุดู ู ุฏุณุชุฑุณ
ูุถุง ุณุงุฒ ุฒุจุง
 ุขุจ ุงุณุชุฎุฑ ุชูุฒ ุจูุฏ.","ฑดฐณ/ฐถ/ฒต","5"
469379,"44012d42b9fc4e2c9b4ef53a79c17d46",ูุญุฏ ูุฑุฏ ููุฏู,ุจุณุงุฑ ููุง ุชูุฒู ูพุดููุงุฏ ูุดู,"ฑดฐณ/ฐฒ/ฑฐ","5"
469380,"52984abf3bb0405e9838d411386cf339",ุฎุดุงุงุฑ ูุงูุงู,"ุจุฑุฎูุงู ุนฺฉุณ ูุงุด ูุงูุนุง ููุง ุฎูุจู
ูุธุงูุช ุฎูุจ ุฏุงุดุช ู ุงุจ ุงุณุชุฎุฑ ฺฏุฑู ุจูุฏ ู ููููู ุงุฒ ูุนุฑู ูพุดุชุจุงู","ฑดฐณ/ฐณ/ฒฑ","5"
469381,"6f368edc898145b7abe9439dc30abd88",ฺฉูุง ูุญุจ,"ุจุฏ ุชุฑู ุฌุง ฺฉู ุชุง ุจุญุงู ุฏุฑ ฺฉุฑุฏุงู ุฏุฏู
ุชุฎุช ูุงุ ูุจููุงู ู ููุงุฒู ูุณุชููฺฉ ู ฺฉุซู
ุขุจ ุงุณุชุฎุฑ ฺฏุฑู ูุจูุฏ ุ ูพูฺฉุงู ุงุณุชุฎุฑ ุฎุฑุงุจ ุจูุฏ ุจุทูุฑฺฉู ูุฑ ุจุงุฑ ุจุฑุง ูุฑูุฏ ู ุฎุฑูุฌ ุจุง ุชุฑุณ ุงุฒ ูพูู ูุง ุงุณุชุฎุฑ ุงุณุชูุงุฏู ู ฺฉุฑุฏู
ูุณุงุฆู ู ููุฒููุงุช ุขุดูพุฒุฎุงูู ุฏุฑ ุญุฏ ณ ุชุง ูุงุจููู ู ูุงูุชุงุจู ุจูุฏ  ฺฉุชุฑ ู ููุฑ ฺฉููู ู ฺฉุซู ุจูุฏ.
ุงุชุงู ูุณุชุฑ ููุท ฺฉ ุฏูุด ุฏุงุดุช ุจุฏูู ฺฉููุฑ ู ุชููู ุ ุจู ุญูุงู ู ฺุงู ุฏุฑ ุงุชุงู ูโุขูุฏ
ุณุฑูุณ ุจูุฏุงุดุช ุงุฑุงู ู ูุฑูฺฏ ฺฉุฌุง ุจูุฏูุฏ
ููุณุงู ุจุฑู ู ูุทุน ฺฉููุฑ ู ุฑูุดูุง ุจุณุงุฑ ุขุฒุงุฑ ุฏููุฏู ุจูุฏ
ุณุณุชู ุตูุช ูุทุน ู ูุตู ู ุดุฏ
ูุณุจุช ุจู ููุชุด ุงุตูุง ูู ุงุฑุฒุฏ
ุฎฺุงู ุงุตูุง ููุงุฏ ุบุฐุง ุฑุง ุฎูฺฉ ูู ฺฉุฑุฏ
ุดุฑ ุขุจ ุฑูุดู ุฎุฑุงุจ ุจูุฏ
ุฏุฑ ฺฉู ุงุตูุง ูพุดููุงุฏ ููุดูุฏ","ฑดฐณ/ฐถ/ฐต","1"
469382,"42b9f0ff590441a093f2a386a14f5490",ูุงูุฏ ูุฌุงุช,ุงฺฏุฑ ุฏูุจุงู ู ุขูพุงุฑุชูุงู ุจุง ูู ุนุงู ู ุชุฑ ุชูุฒ ูฺฏุฑุฏุฏ ูพุดููุงุฏ ูุดู ุนุงู ุจูุฏ ููููู ุงุฒ ุณุงุช ุฎูุจุชูู,"ฑดฐณ/ฐน/ฐน","5"
469383,"42b9f0ff590441a093f2a386a14f5490",ุญูุฏ ูุธุฑ,"ุขูพุงุฑุชูุงู ุฎูุด ุตูุบู ู ุชูุฒ ุจูุฏ
ูู ุจุณุงุฑ ุฎูุจ ุฏุงุดุช
ุจู ุชฺฉุณู ู ูุชุฑู ุงู ูุฒุฏฺฉ ุจูุฏ
ุจุฑุง ุฏู ููุฑ ููุงุณุจ ุงุณุช ููููู ุงุฒ ุฎุงูู ูพุฑูุฒ","ฑดฐณ/ฐธ/ฑณ","5"
469384,"677c03fae5c0433c8a7ba7dbf34f80c1",ูุชุฑุง ุขุฏูู,ุฏุณุชุฑุณ ุฎูุจ ุฏุงุดุช ููุง ุชูุฒ ุจูุฏ ูพุดููุงุฏ ูุดู,"ฑดฐณ/ฐธ/ฒฐ","5"
469385,"677c03fae5c0433c8a7ba7dbf34f80c1",ุงููุดุง ุจูุฎ,"ูุญุท ููุง ุชูุฒ ู ุนุงู
ุขุจ ุงุณุชุฎุฑ ู ุฌฺฉูุฒ ฺฏุฑู ู ุชูุฒ ุจูุฏ
ุฏุฑ ฺฉู ุฎูุจ","ฑดฐณ/ฐน/ฑณ","5"
469386,"677c03fae5c0433c8a7ba7dbf34f80c1",ูุงูุฏ ูุฌุงุช,"ุจุณุงุฑ ููุง ุชูุฒ ุจูุฏ
ุงุณุชุฎุฑ ู ุฌฺฉูุฒ ู ููุงุฒู ุจุงุฒ ููฺฏ ูุงุจู ุงุณุชูุงุฏู ุจูุฏู
ููููู ุงุฒ ูุนุฑู","ฑดฐณ/ฐธ/ฑณ","5"
469387,"1cf34515e5b347fba77f9b2efb4ae984",ุณุงูุงู ุนุฒุฒ,ุงูุงูุชฺฏุงู ุชูุฒ ู ูุฑุชุจ ุจุง ูพุงุฑฺฉูฺฏ ุงุฎุชุตุงุต ูพุฐุฑุง ฺฏุฑุฏุดฺฏุฑุงู ฺฏุฑุงู ู ุจุงุดุฏ ๐น,"ฑดฐณ/ฐฒ/ฒด","5"
469388,"0ff5da0a0b1a4166ae5c4fd9ae3796b8",ุณูพูุฏุงุฑ ุฌุนูุฑ,"ูุง ุงู ุขูพุงุฑุชูุงู ุจุฑุง 3 ููุฑ ุฑุฒุฑู ฺฉุฑุฏู ูุงุฑุฏ ฺฉู ุดุฏู ููุญูู ุนูุถ ูุดุฏู ุจูุฏ ฺฉู ุงุทูุงุน ุฏุงุฏู ุจุฑุงููู ุนูุถ ฺฉุฑุฏู ูุธุงูุช ูุงุจู ูุจูู ุจูุฏ
ููููู ุงุฒ ุฑุงูููุง ูพุดุชุงู ุฏุฑ ฺฉู ุชุฌุฑุจู ุฎูุจ ุจูุฏ.","ฑดฐณ/ฐน/ฒฐ","5"
469389,"0ff5da0a0b1a4166ae5c4fd9ae3796b8",ูุญุดุฏ ุญูุฏ,ูุงุจู ูุจูู ุจูุฏ ุทุจูู ุงูู ุจุฏูู ุงุณุงูุณูุฑ ุจูุฏ ุจู ุชฺฉุณู ู ูุชุฑู ุงู ูุฒุฏฺฉ ุจูุฏ,"ฑดฐณ/ฐท/ฒท","5"
469390,d86a9215fe5845d697a88e0597ef3011,ุดูุงุจ ูุงุดู,"ูููุง ุจุณูุงุฑ ุดูู ู ููุณุงุฒ ุจูุฏุ ูุณุงูู ุฏุฑ ุญุฏ ููุ ุงุณุชุฎุฑ ุขุจ ฺฏุฑู ุนุงููุ ููุฒุจุงู ุจุณูุงุฑ ุจุง ุณูููู ู ุฏุฑ ุฏูุฒุงูู ูููุง. ููุท ูุชุงุณูุงูู ูููุงู ูุจูู ูููุง ุฑู ุฏูุฑ ุชุฎููู ูุฑุฏู ูุง ูููุง ุฑู ุณุงุนุช ูข:ูกูฅ ุชุญููู ฺฏุฑูุชูู (ุงูุจุชู ููุฒุจุงู ููุตุฑ ูุจูุฏ).ุณุทู ูุงู ูุงููุง ุชุฎููู ูุดุฏู ุจูุฏู
ุจุง ุชุดูุฑ ุงุฒ ููุฒุจุงู ูุญุชุฑู ุขูุงู ุฒูุฏูู","ฑดฐณ/ฐน/ฒฐ","5"
469391,d86a9215fe5845d697a88e0597ef3011,ุงูุฑ ุญุณู ุฎุงู ูพูุฑ,"ูุงูุนุง ฺฉ ุงุฒ ุจูุชุฑู ููุงูุง ุง ุจูุฏ ฺฉู ุชู ฺุงููุณ ุฑุฒุฑู ฺฉุฑุฏู
ุชูุฒ ู ุนุงู ุขุจ ุงุณุชุฎุฑ ฺฏุฑู ุจูุฏ
ููููู ุงุฒ ูพุดุชุจุงู ุฌุงุฌูุฑู","ฑดฐณ/ฐฑ/ฑน","5"
469392,bf6d451743f7414db76e1d5c3be36985,ุนูุฑุถุง ุจุงุบุดุงู,ุณูุง ู ุชุดฺฉุฑ ุงุฒ ูุฏุฑุช ูุญุชุฑู  ููุง  ููู ููุงุฑุฏ ุนุงู ุูฺฏูุจุงู ุนุงูุ ุดูุฑฺฉ ุนุงูุ ุชูุตู ุจูุฏู ููุดู ุงู ููุง ุงูู ู ููู ุงูุนุงุฏู ุชูุฒ ูุจุงุดุฏ.,"ฑดฐณ/ฐท/ฑฐ","5"
469393,bf6d451743f7414db76e1d5c3be36985,ููุณุง ุฑุณุชู,ุณูุงูุูุณุจุช ุจู ููุงูุง ฺฉู ุฑูุชู ุฎู ุฎูุจ ุจูุฏุ ูู ุฏูุด ุญุงุทุุณุฑูุณ ุจูุฏุงุดุช ุญุงุทุฺุง ุณุงุฒ ู ุชููุฒูู ูุฏุงุฑูุุฌฺฉูุฒ ฺฉู  ุชูุฒ ูุจูุฏุุขุจ ุงุณุชุฎุฑ ุชูุฒ ุจูุฏุุงฺฏู ูุงฺฉุฑููุฑุงุถุงูู ุจุดู ูู ุนุงููุูุชุงุณูุงูู ุณุทู ุฒุจุงูู ุจุฒุฑฺฏ ุงุทุฑุงู ููุง ูุณุช ฺฉู ุฒุจุงูู ูุงุฑู ูููุน ุฎุฑูุฌ ุฏุงุฎูุด ุจูุฏุงุฒ ู ูุฌุจูุฑ ุจุงุฎูุฏููู ุจุจุฑูุูููููู ุงุฒ ูุฏุฑุช ฺฉู ุชุง ุงู ุญุฏ ุชููุณุชู ุชูุฒ ู ุฒุจุง ููุงุฑู ุญูุธ ฺฉูุฏ ุจุงุจุช ุงู ููุงุฑุฏู ุชุฑุชุจ ุงุซุฑ ุจุฏู ุนุงู ูุดู๐๐ธ,"ฑดฐณ/ฐต/ฒถ","4"
469394,c50e37f769a448ec951f1401c5ad0782,ุงูุฑุฑุถุง ุงุณุชุงุฌ,"ุจุณุงุฑ ููุง ุฎูุจ ู ุชูุฒ ุจูุฏ
ูุดฺฉู ูุฏุฏู ุฑุงุถ ุจูุฏู
ูููู ุงุฒ ุณุงุช ุฎูุจุชูู","ฑดฐณ/ฐน/ฐน","5"
469395,"2f83a0c6bfa14a3483660c6660c019e8",ูุญูุฏ ูุจุงุช,"ูุงูุนุง ููููู ุงู ุจุฑุง ูพุดููุงุฏ ุงู ููุง ุนุงู
ุงูฺฏุงุฑ ฺฉู ุดูุงู ุจูุฏู ูุงูุนุง ุณุฑุณุจุฒ ุจูุฏ
ุงู ูุณูุช ฺฉุฑุฏุงู ุชุงุญุงูุง ูุฏุฏู ุจูุฏู
ุฌฺฉูุฒ ุงู ุนุงู ุจูุฏ ูพุดููุงุฏ ูุดู","ฑดฐณ/ฐณ/ฐต","5"
469397,"762618a443614b94902ed6e2ac0e4966",ูุชุฑุง ุขุฏูู,"ุจุณุงุฑ ููุง ุฎูุจู
ุฎู ุงุฒ ุนฺฉุณูุง ุจูุชุฑ ุจูุฏ ู ูุธุงูุช ุนุงู ุฏุงุดุช ูุง ุฑุงุถ ุจูุฏู
ุจุงุฒูู ุงุฌุงุฑู ูฺฉูู ุงู ููุงุฑู","ฑดฐณ/ฐน/ฒฐ","5"
469398,"762618a443614b94902ed6e2ac0e4966",ูุงุฑุง ุนุทุงุฑ,ฺฉ ุงุฒ ุจูุชุฑู ุชุฌุฑุจู ูุง ุงุฎุฑู ุจูุฏู ูุงูุนุง ูุธุงูุช ููุง ุฏุฑุฌู ฺฉ ุจูุฏ ูฺ ุงุฑุงุฏ ููุดุฏ ุจฺฏุฑู ุงุฒ ุนฺฉุณ ูุง ุฏูุจุงุฒ ุชุฑ ุจูุฏ ู ูุฒุจุงู ุฎู ุฎูุด ุงุฎูุงู ุจูุฏูุฏ ุงุณุชุฎุฑ ฺฏุฑู ู ุชุตูู ุฏุงุฆู ุฑูุดู ุจูุฏ ูุง ฺูู ุจฺู ุฏุงุดุชู ุฎู ูฺฏุฑุงู ูุธุงูุช ุจูุฏู ฺฉู ุนุงู ุจูุฏ ู ูุฌุฏุฏ ููู ุฌุงุฑู ุฑุฒุฑู ูฺฉูู ู ุจู ููู ูพุดููุงุฏ ูุฏู,"ฑดฐณ/ฐท/ฑน","5"
469399,a20282df3f1f4fe0b2186f660a86d926,ุญูุฏุฑุถุง ููุณุชุงู,ุงู ุงูุงูุชฺฏุงู ุงุฒ ููู ูุธุฑ ุนุงู ุจูุฏุ ููููู ุงุฒ ุชู ุฌุงุฌูุฑู,"ฑดฐณ/ฐถ/ฒฒ","5"
469400,a20282df3f1f4fe0b2186f660a86d926,ุนู ูุงุฒ,"ุนุงู ุชุฑู ููุง ุฌุงุฌูุฑู ุจูุฏ ูุฒุจุงู ุนุงู ููุฏุจ
 ุฏุฑ ฺฉู ููู ฺ ุจู ุจูุชุฑู ูุญูู ุจูุฏ ุฌฺฉูุฒ ุงุณุชุฎุฑ ูุธุงูุช","ฑดฐณ/ฐฑ/ฑณ","5"
469401,"90f3013725f841a18ac734837d278806",ุฎุดุงุงุฑ ูุงูุงู,"ูุธุงูุช ุจุฏ ูุจูุฏ
ุทุจูู ุงูู ุจูุฏ ูู ุงุณุงูุณูุฑ ูุฏุงุดุช
 ุฏุฑ ฺฉู ุฎูุจ ุจูุฏ","ฑดฐฒ/ฑฐ/ฒฐ","5"
469402,"61f7245fc0c04108a5cae4d485a362b2",ุดูุงุจ ูุงุดู,"ููุง ุฎูุจ ุจูุฏ ุขุจ ุงุณุชุฎุฑ ุชูุฒ ุจูุฏ
ุชูุฒ ููุง ูุงุจู ูุจููู ู ููฺฉุดู ุฏุฑุณุชู ู ุฎูุด ูุณุฑู","ฑดฐฒ/ฑฒ/ฒฐ","5"
469403,"61f7245fc0c04108a5cae4d485a362b2",ูุงุฆุฏู ุนุทุงุฑ,ุงุณุชุฎุฑ ุชูุฒ ุจูุฏ ููู ฺุฒ ฺฉุงูู ุจูุฏ ููุง ููุง ุงู ุจุฑุง ุนฺฉุงุณ ุนุงู ุจูุฏ ููููู ุงุฒ ุงูุง ูุฑุจุงู ูพุงุณุฎฺฏู ุจูุฏู ููู ุฌูุฑู,"ฑดฐณ/ฐน/ฐน","5"
469404,"5b336d5b0bb243d18d1d12374ef6b7a1",ูุงูุฏ ูููุฑุฏ,"ุณูุงู ููููู ุงุฒ ุงูุง ูุชูุญ
ููุง ูุงูุนุง ุชูุฒ ุจูุฏ ู ููู ุงูุนุงุฏู ุดฺฉ ุุชุฌุฑุจู ุฎูุจ ุจูุฏ.ูุญูู ุจุฑุฎูุฑุฏ ูุฒุจุงู ุนุงู ุจูุฏ ู ูพฺฏุฑ ุจูุฏู ููู ฺ ุฎูุจ ุจูุฏ ุจุง ุชุดฺฉุฑ","ฑดฐณ/ฐน/ฒฐ","5"
469405,adcdfdcd01244f4d8735138e93f5d2d6,ูุญูุฏ ูุจุงุช,"ูุง ููุดู ุงุฒ ุฌุงุฌูุฑู ุฑุฒุฑู ูฺฉูู
ูุดุงูุฑูุงุชูู ุนุงูู
ุงู ููุงุฑู ุจุง ูุดุงูุฑู ุดูุง ุฑุฒุฑู ฺฉุฑุฏู
ุงุณุชุฎุฑ ุนุงู ุจูุฏ ู ฺฏุฑู","ฑดฐณ/ฐณ/ฐต","5"
469406,adcdfdcd01244f4d8735138e93f5d2d6,ุณุนุฏ ุณูุทุงู,ุจุง ูุดุงูุฑู ุฎูุจ ุฌุงุฌูุฑู ุงู ููุง ุฑู ฺฏุฑูุชู ู ุนุงู ุจูุฏ,"ฑดฐณ/ฐณ/ฐถ","5"
469407,"415ca6b5b7a047d6bf2a5baa8b76549a",ูุญุง ุฑุถุง,ูุงูุนุง ุชูุฒ ู ุนุงู ููุช ูุณุจุช ุจู ููุง ุงุฑุฒูุฏู ุจูุฏ ูพุดููุงุฏ ูุดู ูุงูุนุง,"ฑดฐณ/ฐฑ/ฑน","5"
469408,"415ca6b5b7a047d6bf2a5baa8b76549a",ููุชุงุจ ุญูุช,"ููููู ุงุฒ ูุฒุจุงู ุฎูุจ ฺฉู ุฏุงุดุชู
ูุธุงูุช ุจู ุดุฏุช ุฎูุจ ุจูุฏ
ููู ฺ ุนุงู ุจูุฏ
ูุง ู ุชููุฏ 10 ููุฑู ุฏุงุดุชู ู ุจุฏูู ูุฒุงุญู ุจูุฏ
ุงููุช ฺฉุงููุง ุงูฺฉ ุจูุฏ
ูุงูุนุง ุจูุชุฑู ุชููุฏ ุจูุฏ ฺฉู ฺฏุฑูุชู ู ุงุตูุง ุงุณุชุฑุณ ููุง ุฑู ูุฏุงุดุชู ููููู ุงุฒ ูุฒุจุงู ฺฏุฑุงู","ฑดฐณ/ฐฑ/ฑณ","5"
469409,"139a7e9622694140a28b1dfa015a0523",ุญุณุงู ูพูุฑููฺฉ,"ุงู ููุง ุฎูุฑุงฺฉ ุนฺฉุงุณู
ุจุฑุง ุชุนุทูุงุช ุนุฏ ฺฉู ููุชุด ุจุงูุง ุจูุฏ ุงูุง ูุงูุนุง ู ุงุฑุฒุฏ
ุงุฒ ููู ุฌุง ููุง ุงุณุชูุงุฏู ฺฉุฑุฏู ู ููู ฺ ุณุงูู ุจูุฏ ุดูุฑฺฉ ุฎูุจ ู ุงูู ุฏุงุดุช ุจุฏูู ูุฒุงุญู","ฑดฐณ/ฐฑ/ฑน","5"
469410,"139a7e9622694140a28b1dfa015a0523",ููุชุงุจ ุญูุช,"ุจูุชุฑู ุชุฌุฑุจู ูุง ุงุฒ ุฑุฒุฑู ุดุฏู
ููฺ ุนุงู
ูุฒุจุงู ุจุณุงุฑ ููุฏุจ
ูููู ุงุฒ ุณุงุช ุฎูุจุชูู","ฑดฐณ/ฐฑ/ฑณ","5"
469411,dd07f28110e447c2a005ef553be9c778,ุงุณุงู ูพุงุฏุงุฑ,"ูุง ุงู ุขูพุงุฑุชูุงู ุจุฑุง6 ุดุจ ุฑุฒุฑู ฺฉุฑุฏู ุจุง ุฎุงููุงุฏู ุขูพุงุฑุชูุงู ุชูุฒ ุจูุฏ ุงูุง ุงุณุงูุณูุฑ ูุฏุงุดุช ู ุทุจูู ุฏูู ุจูุฏ
ููุทูู ุฎูุจ ุฏุงุดุช ุดุดู ุจู ูุชุฑู ู ุงุชูุจูุณ ูุฒุฏฺฉ ุจูุฏ ุฏุณุชุฑุณ ุจู ููุฌุง ุฏุงุดุชู
ูุงูุนุง ุจุงุจุช ุงู ุฑูุด ุงุฌุงุฑู ูููููู ุงูฺฉู ุบุฐุง ุฏุฑุณุช ูฺฉุฑุฏู ู ููู ฺฉูุงุฑ ูู ุจูุฏู ุจุณุงุฑ ูุฐุช ุจุฎุด ุจูุฏ","ฑดฐณ/ฐต/ฒฐ","5"
469412,"94a7725ef2724cf684e745ee0ca2cc4a",ุจุงุฑุงู ุงูุฑ,"ููุง ุชูุฒ ุจูุฏ
ุญุณ ู ุญุงู ุฎูุจ ุฏุงุดุช
ููุงุด ู ุงูุนุง ุนุงู ุจูุฏ
ููููู ุงุฒ ุณุงุช ุฎูุจุชูู","ฑดฐณ/ฐฑ/ฑณ","5"
469413,"3dead0239d29455c9a6fa7b2eea59652",ุงุณุงู ูพุงุฏุงุฑ,"ูพุดููุงุฏ ูุดู
ูุง ูุดุชุฑ ุฌุงุฌูุฑู ูุณุชู
ุชู ูุฑ ุดูุฑ ุฑุฒุฑู ฺฉุฑุฏู ุนุงู ุจูุฏุฏ ููููู","ฑดฐณ/ฐณ/ฒฑ","5"
469414,"2942a9f52b474763819263adb2c894d1",Parya Davoodbeigi,"ุณูุงู ูพุดุชุจุงู ุณุงุช ุฎู ุนุงู ุจูุฏ ูพุงุณูุฎฺฏู ุณุฑุน ู ุฎู ุจุง ุญูุตูู ุจูุฏู๐ูู ุขุจ ุงุณุชุฎุฑ ููุง ุจู ุดุฏุช ุณุจุฒ ุจูุฏ ููุง ุฑู ุฏุฑ ุชุญูู ุฏุงุฏู ุจุฑุฎูุฑุฏ ุงูู ุขูุง ุณุฑุงุฏุงุฑ ฺฉู ุชุญูู ุฏุงุฏู ู ุชุญูู ฺฏุฑูุชู ุงุตูุง ุฎูุจ ูุจูุฏ ู ููุช ุจุนุฏ ฺฉ ุณุงุนุช ููุง ุฑู ุชุญูู ุฏุงุฏู ุชุงุฒู ุชุตูู ุงุณุฎุฑู ุฑูุดู ฺฉุฑุฏู ฺฉู ฺฏูุชู ุจูุฏ ฒุณุงุนุช ูุงุจู ุงุณุชูุงุฏุณ ฺฉู ูฺ ุชุงุซุฑ ุชู ุชูุฒ ุขุจ ูุฏุงุดุช
ูู ุงุฒ ูุธุฑ ูพฺฏุฑ ุณุงุช ู ูพุดุชุจุงู ุณุงุช ููฺ ุนุงู ุจูุฏ๐","ฑดฐณ/ฐถ/ฐถ","3"
469415,"4fdc88f33c4a44268b42f16a66167c85",ุดูุงุจ ูุงุดู,"ุจุงุณูุงู ู ุงุญุชุฑุงู.
ููุง ุชูุฒ ุจูุฏ ู ูุทุงุจู ุนฺฉุณ ุจูุฏ.
ุจุฑุฎูุฑุฏ ุณุฑุงุฏุงุฑ(ูฺฏูุจุงู) ุจุณุงุฑ ููุงุณุจ ุจูุฏ
ููุงููฺฏ ู ุฑุณุฏฺฏ ูุฒุจุงู ุจุณุงุฑ ุนุงู ุจูุฏ.","ฑดฐณ/ฐธ/ฒฐ","5"
469416,a396979d7efc4c0aa516ed4b557112ed,ูุงุฒูู ุจุงูุฑ,ููู ฺุฒ ุนุงู ู ุชูุฒ ุจูุฏ ูุงูุนุง ูุฒุจุงู ุจุณุงุฑ ุจุง ุดุฎุตุช ุจูุฏู ุจู ูุง ุจุณุงุฑ ุฎูุด ฺฏุฐุดุช 3 ุดุจ ุงูุงูุช ุฏุงุดุชู,"ฑดฐณ/ฐน/ฐน","5"
469417,a396979d7efc4c0aa516ed4b557112ed,ุนู ุฑุถุง ูุฑุฏ,ููู ฺ ุฎู ุนุงู ุจูุฏ. ูู ูู ฺฉู ุนุงูโฆ,"ฑดฐณ/ฐท/ฒท","5"
469418,a396979d7efc4c0aa516ed4b557112ed,ุณูู ูุธุฑ,ููุง ุจุณุงุฑ ุชูุฒ ุจูุฏ ู ุขูุง ุฒูุฏู ูุฒุจุงู ุจุณุงุฑ ุนุงู ุง ูุณุชู ูุง ุฑุงุถ ุจูุฏู,"ฑดฐณ/ฐถ/ฒต","5"
469419,a396979d7efc4c0aa516ed4b557112ed,ูุงู ูุงูุงู,ูพุดููุงุฏ ูุดู ุนุงู ุจูุฏ ููู ฺ,"ฑดฐณ/ฐถ/ฒฐ","5"
469420,aa65c3cdc9aa44548cef058f2ae6309a,ูุงูุงู ุฌู,"ููููู ุงุฒ ุณุงุช ุฎูุจุชูู
ููฺ ุนุงู ุจูุฏ
ุชูุฒ ู ูุฑุชุจ ุจุฑุง ุฏู ููุฑ ูพุดููุงุฏ ูุดู
ููุท ุชู ุงุชุงู ฺฏุงุฒ ูุจูุฏ
ฺฉู ุฌุงุด ุทุจูู ูพุงู ุงุดูพุฒุฎุงูู ุจูุฏ ู ูุถุง ุบุฐุง ุฎูุฑ
 ูุดุฏ ุฏุฑุณุช ฺฉุฑุฏ","ฑดฐณ/ฐท/ฒท","5"
469421,"1371020c22f0451dbc64882b6264f204",ุงุนุทุง ูุธุฑ,"ุนุงู ุจูุฏ
ูุฒุจุงู ุจุณุงุฑ ุงุฏู ูุชุดุฎุต ู ุฎูุจ ูุณุชู
ุฎููู ุจุณุงุฑ ุชูุฒ ู ุนุงู ู ูุดูฺฏ ุจุง ฺฏุฑูุงุด ููุงุณุจ
ูุญูู ุฏูุฌ ู ุฎููุช ู ุงูู
ุฏุฑ ฺฉู ููู ฺุฒ ุนุงู","ฑดฐณ/ฐธ/ฒฐ","5"
469422,"1371020c22f0451dbc64882b6264f204",ุงุณุงู ูพุงุฏุงุฑ,"ูุณุจุช ุจู ููุชุด ุนุงูู ูพุดููุงุฏ ูุดู
ุงููุช ุงุด ุนุงู ุจูุฏ","ฑดฐณ/ฐท/ฑน","5"
469423,"1dec9dcd2df64d4f8840a2e37437ae44",ูุนู ุงุดุชุฑ,ุจูุฏู ุจุฑุง ฺฉ ูุฑุงุฑ ฺฉุงุฑ ุงูุฌุงุฑู ุฑุฒุฑู ฺฉุฑุฏู ุจุณุงุฑ ุฑุงุถ ุจูุฏู ุชูุฒ ู ููฺฉุดู ุฎูุจ ููููู ุงุฒ ุชู ุฎูุจุชูู,"ฑดฐณ/ฐท/ฑน","5"
469424,"8de406ed78d64488a0f0f16db95a7bf9",ุงูุฑ ูุฑุงุฏ,"ุชูุฒ ููุฑุชุจ ู ูุงุจู ูุจูู ุจูุฏ
ููููู ุงุฒ ุณุงุช ุฎูุจุชูู ูุฌุง ูพุฏุง ููฺฉุฑุฏู ุขูพุงุฑุชูุงู","ฑดฐณ/ฐท/ฒท","5"
469425,"8b19f8a7b3ea43c4a5bdbbc4893dcee2",ูุงูุฏ ูุฌุงุช,"ูุง ุงู ููุง ุฑู ุจุฑุง ุชููุฏ ฺฏุฑูุชู
ุจุณุงุฑ ุชูุฒ ุจูุฏ
ุงุฒ ุงุณุชุฎุฑ ุงู ุงุฎุฑ ุดุจ ุงุณุชูุงุฏู ฺฉุฑุฏู ุงุจ ฺฏุฑู ุจูุฏ ููููู ุงุฒ ูุนุฑู ุงู ููุง","ฑดฐณ/ฐฑ/ฑฐ","5"
469426,"16f074b0e93748a0b8dcebe9e1245868",ูุญุดุฏ ุญูุฏ,"ููู ฺ ุนุงู ุจูุฏ
ูู ูพุงุฒ ุนุงู ุจูุฏ
ููููู ุงุฒ ุฎุงูู ููุช ุนุฒุฒ","ฑดฐณ/ฐธ/ฒฐ","5"
469427,"58175a0bddc54f3ab7ca831f2475e2e0",ุญูุฏ ูุตุฑ,ุงู ููุง ูู ุงุฒ ูุธุฑ ุฏุณุชุฑุณ ูู ุชูุฒ ู ูู ุฏฺฉูุฑุงุณูู ุฏุงุฎู ฺฉุงููุง ุฎูุจ ุจูุฏ. ุจุง ุชุดฺฉุฑ ุงุฒ ุขูุง ูฺุงุฏ ุฎุฑ ู  ุชู ุญุฑูู ุง ุฌุงุฌูุฑู ุจุงูุงุฎุต ุณุฑฺฉุงุฑ ุฎุงูู ุฑุงุฏ ฺฉู ุฑูุฒ ุฎูุจ ุฑู ุจุฑุง ูุง ูุฑุงูู ฺฉุฑุฏูุฏ.,"ฑดฐณ/ฐฒ/ฒฒ","4"
469428,"58175a0bddc54f3ab7ca831f2475e2e0",ูุฑฺฏุณ ุจูุง,"ุงู ููุง ููุณุงุฒ ุจูุฏ ู ูุงูุนุง ููฺ ูู ุจูุฏ
ุชูุฒ ุขุจ ู ุฎููู ุนุงู ุจูุฏ
ูุง ููุดู ุงุฒ ุฌุงุฌูุฑู ุฑุฒุฑู ูฺฉูู ุนุงู ูุณุชุฏ","ฑดฐณ/ฐฑ/ฑณ","5"
469429,ec3f7266eb194c0392e292d20b1ff777,ุงุณุงู ูพุงุฏุงุฑ,"ูุงูุนุง ูพุดููุงุฏ ูุดู
ุจุณุงุฑ ูู ุจูุฏ ููู ฺุฒ ุงููู ููุง ุงุฌุงุฑู ุง ุจูุฏ ฺฉู ููุญูู ุจุฑุฏู ุงูุง ุงุณุชูุงุฏู ูุดุฏ
ุจู ุชูุฒ ูุฏุงุฏ ููู ุฌุง ููููู ุงุฒ ุฌุงุฌูุฑู","ฑดฐณ/ฐน/ฒฐ","5"
469430,ec3f7266eb194c0392e292d20b1ff777,ุญูุฏ ูุธุฑ,"ููููู ุงุฒ ุงูุง ูุฑุจุงู
ุจุณุงุฑ ููุง ูู ุจูุฏ
ุงูุจุชู ุฎูุดููู ฺฏูุชู ูุง ูููุงู ุฏูู ูุณุชู ูู ุนุงู ุจูุฏ
ุงุจ ุงุณุชุฎุฑ ฺฏุฑู ุจูุฏ
ู ููุง ุจุณุงุฑ  ุชูุฒ ุจูุฏ","ฑดฐณ/ฐถ/ฐธ","5"
469431,abc50b04cc8343d1b2571d2144c16e42,ูุงุฑุง ุนุทุงุฑ,"ุนุงู ู ุชูุฒ ุจูุฏ
ูุฒุจุงูุจุณุงุฑ ููุฏุจ ุจูุฏู
ููููู ุงุฒ ุงูุง ุฑูุญ","ฑดฐณ/ฐถ/ฒฐ","5"
469432,ff697201197b49d894947060fd95cff2,ุฒูุฑู ุนุงุฑู,"ุชุดฺฉุฑ ูฺู ุงุฒ ุฌุงุฌูุฑู ู ุนูุงูู ูุฌููุนู
ููฺฉุดู ุจุณุงุฑ ุนุงู ุฏุฑ ููุทูู ูุฑฺฉุฒ.
ููุฒู ุณุฑ ุณุงุนุช ุชุญูู ุฏุงุฏู ุดุฏ ุจุณุงุฑ ุดฺฉ ู ุชูุฒ.
ู ุชุฑุงูุณูุฑ ฺฉู ุฎุงูู ุซุงุจุช ุนุฒุฒ ููุงููฺฏ ฺฉุฑุฏู ุณุฑ ุณุงุนุช ุฏุฑ ูุฑูุฏฺฏุงู ุญุถูุฑ ุฏุงุดุชู ู ุจุง ฺฉูุชุฑู ูุฒูู ูุงุฑู ุจู ูุญู ุงูุงูุชููู ุจุฑุฏู.
ููฺฉุดู ุจุณุงุฑ ุนุงู ููุทูู  ู ุงุชูุจูุณ ูุง ฺฉู ุฏุฑ ููุทูู ุชุฑุฏุฏ ุฏุงุดุชู ุฏุณุชุฑุณ ุจู ุชฺฉุณู ู ุณุงุฑ ููุงุท ุฑู ุจุฑุง ูุง ุจู ุฑุงุญุช ูุฑุงูู ูฺฉุฑุฏู ูุจุง ูพุดุชุจุงู 24 ุณุงุนุชู ฺฉู ุฏุงุดุชู ุณูุฑ ููุฑุงู ุจุง ุงุฑุงูุด ู ุชุฌุฑุจู ฺฉุฑุฏู ููููู ุงุฒ ุนูุงูู ุตุจูุฑ ู ุฎูุจ ูุฌููุนู ุฌุงุฌูุฑู๐๐ป๐๐ป๐น","ฑดฐณ/ฐณ/ฑฑ","5"
469433,ff697201197b49d894947060fd95cff2,ุญุณุงู ูพูุฑููฺฉ,"ุณูุงู ุจู ุชู ุฎูุจ ุฌุงุฌูุฑู
ูุง ุจู ูุฏุช 8 ุดุจ ุงู ุขูพุงุฑุชูุงู ุงุฒ ุดูุง ฺฏุฑูุชู ูฺ ฺฉู ูุฏุงุดุช
ูุงูุนุง ูุทุงุจู ุนฺฉุณ ูุง ุจู ุชฺฉุณู ุฎู ูุฒุฏฺฉ ุจูุฏ
ุฎู ูฺฏุฑุงู ุชุญูู ุจูุฏู ฺฉู ุจู ูููุน ุงูุฌุงู ุดุฏ ุงุฒ ูพุดุชุจุงู ุฌุงุฌูุฑู ููููู ุงู","ฑดฐณ/ฐฑ/ฑน","5"
469434,ff697201197b49d894947060fd95cff2,ุจุงุฑุงู ุงูุฑ,"ูุงูุนุง ููููู ุงุฒ ุชู ุฎูุจุชูู
ูุงููููู ุงุฒ ุงูุฑฺฉุง ุฏุงุดุชู ุฎู ูฺฏุฑุงู ุฌุง ุจูุฏู ููููู ูุง ุฒูุฏุชุฑ ูุฑุณุฏ
ู ููุชููุณุชู ุงุนุชูุงุฏ ฺฉูู
ุณุงุช ุฌุงุฌูุฑู ูุงูุนุง ุจู ูุง ุญุณ ุงููุช ุฏุงุฏ ู ุชุง ูุญุธู ุชุญูู ููุฑุงู ูุง ุจูุฏ
ุฎุงูู ุซุงุจุช ุนุฒุฒ ฺฉู ุชุง ุฏุฑ ููุช ููุชุธุฑ ูููุงู ูุง ุดุฏ ุจุฑุง ุชุญูู
ู ุงูพุงุฑุชูุงู ุงุฒุนฺฉุณูุงุด ุจูุชุฑ ุจูุฏ ุฏุณุชุฑุณ ุนุงู ุจูุฏ
ูุงูุนุง ุงุฒ ุงู ุชุฌุฑุจู ุฑุงุถ ุจูุฏู","ฑดฐณ/ฐฑ/ฑณ","5"
469435,"6c8831ec3ff746368dfa1f371ee679d8",ุญุณู ุชูุฏู,ุฎู ุฎูุจ ู ุชูุฒ ุจูุฏ โฆ ููููู,"ฑดฐณ/ฐฒ/ฑด","5"
469436,"486e4ffcd9854bf8a64177457a60caf0",ุนู ุฑุถุง ูุฑุฏ,"ููู ฺุฒ ุนุงูุููุท ู ููุฑุฏ ฺฉูฺฺฉุฺฉู ุงููู ฺฉูุชุงู ูุธุงูุชฺ ุจูุฏู ุ
ููู ุฌุงุฑูโ ุชูุฒ ฺฉุฑุฏูุุญุช ููุงูู ูุง ุณุฑูุณ ุฎูุงุจ ุชูุฒ ู ููโ ุจูุฏ ุูููู ุฌุง ุจู ุชูุฒ ูุฏุงุฏุ
ููุท ุฑูุดู ูุงุฑู ุฑูโูุฑุงููุด ฺฉุฑุฏู ุจูุฏู","ฑดฐณ/ฐท/ฒท","5"
469437,"486e4ffcd9854bf8a64177457a60caf0",ุฑุถุง ูุฎุฆ,"ููุง ุฎูุจ ุจูุฏ
ููุทูู ุณุฑุณุจุฒ ุฏุงุดุช
ูุฑ ูููุนู ุชูุงุณ ูฺฏุฑูุชู ุฒุญูุช ูฺฉุดุฏู ููููุฏู ฺฉุงุฑ ุจูุฏ
ูุงูุนุง ุนุงู ุจูุฏ","ฑดฐณ/ฐน/ฐน","5"
469438,"486e4ffcd9854bf8a64177457a60caf0",ูุฑุฒุงู ุงูู,ุจุฑุฎูุฑุฏ ูุฒุจุงู ุนุงู ุจูุฏ ู ุขุจ ุงุณุชุฎุฑ ฺฏุฑู ู ุชูุฒ ุจูุฏ ููุท ุงุฒ ูุธุฑ ูุธุงูุช ูุนููู ุจูุฏ ู ุฑุณุฏฺฏ ูุงุฒู ุฏุงุดุช.ุฏุฑ ฺฉู ุงูุงูุชฺฏุงู ูุฏุฑู ุจูุฏ.,"ฑดฐณ/ฐท/ฒท","5"
469439,"486e4ffcd9854bf8a64177457a60caf0",ุณุงุญู ุฑุญูุช ุขุจุงุฏ,ููู ฺุฒ ุนุงู ุจูุฏ ูู ููุง ุจ ูุธุฑ ุจูุฏ ุงุฒ ูุธุฑ ูุณุงู ูู ุชฺฉูู ุจูุฏ ูููููู ุงุฒ ูุดุงูุฑู ุฑุฒุฑู ุฎุงููู ุฑุงุฏ ฺฉู ฺฉู ูพฺฏุฑ ฺฉุฑุฏู ู ุงุฒ ฺฉูฺฉ ุงุดูู ฺฉู ุจูุฑู ุจุฑุฏู๐น,"ฑดฐณ/ฐฒ/ฐท","5"
469440,"0dc5c9836cc54aab93034ec9fb8f415a",ูุงูุงูุง ุจุงุฑุฒุงู,ูุธุงูุช ุนุงูู ู ุงุฒ ุงูุงูุชู ฺฉุงููุง ุฑุงุถ ุจูุฏู. ุงุฒ ุนฺฉุณูุง ุณุงุช ุฎู ูุดูฺฏุชุฑู ู ูุฒุจุงู ูุญุชุฑูุงูู ุฑูุชุงุฑ ูฺฉุฑุฏ. ุงูุงูุช ุจ ุฏุฑุฏุณุฑ ุฏุงุดุชู.,"ฑดฐณ/ฐถ/ฒฐ","5"
469441,"0dc5c9836cc54aab93034ec9fb8f415a",ุณุนุฏ ูุญูุฏ,ููู ูุณุงูุง ูุงุญุฏ ุชฺฉูู ุจูุฏ ู ุจู ูุณุจุช ููุชู ุงุฑุฒุดุดู ุฏุงุดุช ู ุจุง ุชุตุงูุฑ ู ุชูุถุญุงุช ุณุงุชู ุจุฑุงุจุฑ ู ฺฉุฑุฏ ู ุณุฑูุตุฏุงู ูุฏุงุดุช.,"ฑดฐฒ/ฑฐ/ฒฐ","5"
469442,dcc7642645b34a79be7f7484c9717d25,ูุงูุงูุง ุจุงุฑุฒุงู,ููู ฺุฒ ุนุงูู ุชูุฒ ุจูุฏ ููุท ุฌุงุฏู ุฎุงฺฉ ุฏุงุดุช ุจู ูุฏุช ต ุฏููู,"ฑดฐณ/ฐณ/ฒฑ","5"
469443,"745137011bbd407794fd1799daa065f8",ุงูุฑ ุญุณู ุฎุงู ูพูุฑ,"ููุง ฺฉุงููุง ุชูุฒ ุชุญูู ุฏุงุฏู ุดุฏ . ุชูุงู ุณุฑูุณ ุจูุฏุงุดุช ูุง ุถุฏุนููู ุดุฏู ุจูุฏ
ููุงูู ูุง ู ุฑู ุชุฎุช ูุง ุชูุฒ ุจูุฏ ุ ููู ุงุณูพูุช ูุง ุฎูุจ ฺฉุงุฑ ูฺฉุฑุฏ ู ุจู ุงูุฏุงุฒู ฺฉุงู ุงุณูพูุช ุฏุงุดุช ฺฉู ููุง ุฎูฺฉ ุจุงุดู . ุฎฺุงู ุชูุฒ ุจูุฏ ู ุจู ููุฏุงุฏ . ุณุฑุงุฏุงุฑ ุฎูุจ ู ฺฉุงุฑ ุฏุงุดุช ฺฉู ุฎู ุจู ูุง ฺฉูฺฉ ฺฉุฑุฏ . ุณุณุชู ุตูุช ูู ุนุงู ุจูุฏ .ุฏุฑ ฺฉู ูุง ุฑุงุถ ุจูุฏู ู ุดุจ ุฎูุจ ุจุง ุฏูุณุชุงููู ุฏุงุดุชู . ุจุฑุง ููููู ูุง ู ุฏูุฑูู ูุงุชูู ุญุชูุง ูพุดููุงุฏ ูฺฉูู . โ","ฑดฐณ/ฐฑ/ฑน","5"
469444,"745137011bbd407794fd1799daa065f8",Amir Aghakhani,"ุฌุฒู ุฎูู ุชุฑู ููุง ูุง ฺฉู ุจุฑุง ุจุฑฺฏุฒุงุฑ ูุฑุงุณู ููฺ ุชูููู
ุญุงุท ููู ุงูุนุงุฏู ุฒุจุง
ุฏุฒุงู ุฏุงุฎู ูุฏุฑู ู ุฌุฐุงุจ ู ูููุงูุนุงุฏู ุชูุฒ","ฑดฐณ/ฐฒ/ฐถ","5"
469445,"9ef7105578244165b57f745b887d4796",ูุญุง ูุชุญ,"ุจูุฏู ุงุฒ ูููุงู ูุง ฺูุฏู ุณุงูู ุฌุงุฌูุฑู ูุณุชู
ูุงูุนุง ุงุฒ ูพุดุชุจุงู ุฎูุจุชูู ู ุงู ููุง ูููููู
ุขุจ ุงุณุชุฎุฑ  ู ุงุชุงู ูุง ุชูุฒ ุจูุฏ ุชุดฺฉุฑ ุงุฒ ุฎุงูู ุฎุงูฺฉ","ฑดฐณ/ฐฑ/ฑน","5"
469446,"2d37ac39ed574635b00fdd3e4d317a31",ูุนู ุงุดุชุฑ,ูพุดููุงุฏ ูุดู ุนุงู ุจูุฏ,"ฑดฐณ/ฐณ/ฒฑ","5"
469447,b0f5184ace8d42e7a54c6f3e605f2d13,ุนู ูุงุฒ,ุจุดุฏุช ุชูุตู ูฺฉูู ู ุฎุณุชู ูุจุงุดุฏ ูฺฏู ุจู ูุฒุจุงู ูุญุชุฑู ู ุฎุฏูุงุช ุฎูุด ุงุฎูุงู ู ุฎูุจ ุงู ูุฌููุนูุูุงูุนุง ุฎุงุทุฑู ุฎูุจ ุจุฑุง ูู ู ุฎุงููุงุฏู ุฑูู ุฎูุฑุฏ ููุง ุณุฑุฏ ุจูุฏ ุงูุง ฺฉู ูุฌููุนู ุฑุง ฺฏุฑู ู ุชูุฒ ู ูุฑุชุจ ุจุฑุง ูุง ุขูุงุฏูโฆ,"ฑดฐณ/ฐฑ/ฑณ","5"
469448,"07ad0e60b03d495e80a5b4dfdf5eaafa",ุดูุงุจ ูุงุดู,"ุขูพุงุฑุชูุงู ุชู ููุทูู ุฎูุจ ุจูุฏ
ุชูุฒ ุจูุฏ ู ูุฑฺ ูุงุฒ ุฏุงุดุชู ูุฑุงูู ูฺฉุฑุฏู
ูุชุฑู ู ุชุงฺฉุณ ุณุฑ ฺฉูฺู ุจูุฏ
ุญุงุท ุฎูุจ ุงู ุฏุงุดุช
ุจุฑุง ุงุฌุงุฑู ุจุง ุฎุงููุงุฏู ฺฉู ููู ฺฉูุงุฑ ูู ุจุงุดู ุนุงูู","ฑดฐณ/ฐถ/ฒฐ","5"
469449,"350ebd64cb8942afaeb21862e2e21d43",ูุฑุถู ุจุงุชูุงู,ููุง ุฎูุจ ุจูุฏ ุขุจ ุงุณุชุฎุฑ ฺฏุฑู ู ุชูุฒ ุจูุฏ ุงููุช ุฏุงุดุช ููููู ุงุฒ ุฎุงูู ุบูุงู,"ฑดฐณ/ฐถ/ฒฑ","5"
469450,"1c871fbfea1f48d49467cb2a32303b3c",ุญุณู ุฌุนูุฑ,"ููู ููุงุฒู ูุง ุชูุฒ ุจูุฏ
ูุงูุนุง ุชู ุงู ููุง ุญูุตูููู ุณุฑ ูุฑูุช ุงุฒ ุจุณ ููุงุฒู ุจุงุฒ ุฏุงุดุช
ููููู ุงุฒ ุฎุงูู ุฑุงุฏ ุจุงุจุงุช ุฑุงูููุงุดูู","ฑดฐณ/ฐณ/ฐต","5"
469451,"32a5120465fb460abe1fe7a9d9755fdc",ูุฑู ุงูุชุฎุงุฑ,"ูุงูุนุง ุขูพุงุฑุชูุงู ุชูุฒ ุจูุฏ
ููฺฉุดู ู ุฏุณุชุฑุณ ุฎูุจ ุฏุงุดุช ูพุดููุงุฏ ูุดู","ฑดฐณ/ฐท/ฑน","5"
469452,"32a5120465fb460abe1fe7a9d9755fdc",ุขุฑูู ุจุงุจุงุฆ,"ููููู
ูุทุงุจู ุนฺฉุณ ูุง ุจูุฏ ุจุณุงุฑ ุชูุฒ ู ูู
ุฑุงูููุง ูุง ูพุดุชุจุงู ุนุงู ุจูุฏ ููููู ุงุฒ ุฌุงุฌูุฑู
ู ุชุญูู ุจู ูููุนู","ฑดฐณ/ฐธ/ฑฑ","5"
469453,bdba129514de49b7ae18b490a80911db,ุนู ูุงุฒ,"ููู ฺุฒ ูุทุงุจู ุชูุถุญุงุช ู ุนฺฉุณูุง ุจูุฏ ู ุจุฑุฎูุฑุฏ ูุฒุจุงู ู ููุงูฺฏ ุฎูุจ ุจูุฏ.
ุฏุณุชุฑุณ ูุง ุงู ุฎูุจ ุจูุฏ
ูพุดููุงุฏ ูุดู.","ฑดฐณ/ฐฑ/ฑณ","5"
469454,a377d762463341b0bf011c2d2db7dc30,ุงููุดุง ุจูุฎ,ููุง ฺฉุงููุง ุจุง ุนฺฉุณุง ุชุทุงุจู ุฏุงุดุช ู ุจุง ุชูุฌู ุจู ููุช ูุณุจุช ุจู ููุง ูุง ุชู ููู ุฑูุฌ ุงุฒ ููุดูู ุจูุชุฑ ุจูุฏ ู ุงุจ ุงุณุชุฎุฑ ู ู ุฎูุฏ ููุง ุชูุฒ ู ุฎูุจ ุจูุฏุด ู ุฑูุชุงุฑ ูุฒุจุงู ุฎู ูุญุชุฑูุงูู ุจูุฏ,"ฑดฐณ/ฐธ/ฒฑ","5"
469455,"6462a9f64f084886a026b3dc362ee42e",ุขุฑูู ุจุงุจุงุฆ,"ูููููู ุงุฒ ูุฒุจุงู ุนุฒุฒ ู ูพฺฏุฑโูุง ู ููุฑุงูโูุง ุงุดูู.
 ุงุฒ ููุง ุจุณุงุฑ ุฑุงุถ ุจูุฏูุ ูุฎุตูุตุง ููุธุฑูโ ุฒุจุง ุฑูุจุฑู ููุง ู ูุญุท ุขุฑุงู ุขู (ูุง ูุณุท ููุชู ุฑูุชู).
 ุฎู ุฎูุจ ุจูุฏ. ูฺฉุชูโ ุฎู ูุซุจุช ุงูฺฉู ุณุฑุนุช ุงุฑุงูุณู ุฏุฑ ููุง ุฎู ุฎู ุฎูุจ ุจูุฏ","ฑดฐณ/ฐฑ/ฑณ","5"
469456,"2f15c3db44204d57bf45649c92b0b82e",ูุญุง ุฑุถุง,"ุจูุชุฑู ูุณูุช ุงู ููุง ุงุณุชุฎุฑ ุฎูุดฺฏูุด ุจูุฏ
  ูุงูุนุง ฺฉู ฺฉุฑุฏู ุงุฒ ุชูุฒ ุงุจ ุงุณุชุฎุฑ ู ููุง
ูุง ฺฉู ุฒูุฏ ุฑุณุฏู ุจู ูุง ุชุญูู ุฏุงุฏู ููููู ุงุฒ ูพุดุชุจุงู ุฌุงุฌูุฑู","ฑดฐณ/ฐฑ/ฑน","5"
469457,"41ead8c52ee04e53962aa88aa7ca9a82",ุงูุฑ ุฑุถุง,ููู ฺ ุนุงู ุชูุฒ ู ูุฑุชุจ ุจู ุชฺฉุณู ูุฒุฏฺฉ ุณุงุฎุชูุงู ููุท ูุฏู ุจูุฏ ุงูุง ูุดฺฉู ูุฏุฏู,"ฑดฐณ/ฐถ/ฒฐ","5"
469458,"50f4ba8aa77844a79cfd6084d36de238",ุงูุฑ ุฑุถุง,ููููู ุงุฒ ุฎุงูู ุงูู ููู ฺุฒ ุชูุฒ ุจูุฏ ุจุฑุง ุฏูููุฑ ุนุงู ุจูุฏ,"ฑดฐณ/ฐน/ฑน","5"
469459,b992779e9f634d94990f7a11fb638ff5,ุงููุดุง ุจูุฎ,ุฌุฒู ุงูุงูุชฺฏุงู ูุง ุฎูุจ ุจูุฏ ฺฉู ุฑุฒุฑู ุฏุงุดุชู ุ ุจุณุงุฑ ูุงุญุฏ ุดฺฉ ู ุชูุฒ ู ุจุฑุฎูุฑุฏ ูุฒุจุงู ุจุณุงุฑ ุฎูุจ ู ูุญุชุฑูุงูู ุจูุฏ ุณูุฑ ุฎูุจ ุจูุฏ ููููู ุงุฒ ุงูุง ุญุณู ูพูุฑ,"ฑดฐณ/ฐต/ฒฑ","5"
469460,d9d41222de944cb88041e7abac057950,ฺฏููุงุฒ ูุณู,ุฑุณุฏฺฏ ู ุงูฺฉุงูุงุช ู ูุธุงูุช ููุง ุจุณุงุฑ ุฎูุจ ูุถุง ุญุงุท ุจุณุงุฑ ุนุงู ุงุณุชุฎุฑ ฺฉุงููุง ุชูุฒ ููููู ุงุฒ ุดูุง,"ฑดฐณ/ฐฒ/ฑฒ","5"
469461,"33f126c264d3414f8ab2a4fb7740f622",ุงูุฑ ุญุณู ุฎุงู ูพูุฑ,"ุงุจ ุงุณุชุฎุฑ ฺฏุฑู ุจูุฏ
ุฌฺฉูุฒ ูุนุงู ู ูุง ุงุณุชูุงุฏู ฺฉุฑุฏู
ููุงุฒู ูุง ูู ูุฑฺ ุงู ุงุฒ ุชูุฒ ุจฺฏู ฺฉู ฺฏูุชู
ููููู ุงุฒ ุงูุง ุฌุนูุฑ ู ุณุงุช ุฌุงุฌูุฑู","ฑดฐณ/ฐฑ/ฑน","5"
469462,"3a9375ab3b344f2cbcf1c4c51872d617",ุงููุงู ุญุงุช,"ุจุณุงุฑ ุฒุจุง ุจูุฏ ุจูุชุฑู ุงูุงูุช ุฑู ุจุง ุฏูุณุชุงู ุฏุงุดุชู ุนุงู ุจูุฏ
ููููู ุงุฒ ูพุดุชุจุงู ุดูุง ู ุงูฺฉู ุชุง ุขุฎุฑู ูุญุธู ฺฉูุงุฑููู ุจูุฏุฏ","ฑดฐฒ/ฐท/ฑถ","5"
469463,"3a9375ab3b344f2cbcf1c4c51872d617",ุญูุฏุฑุถุง ูุญูุฏ,"ุงูุงูุชฺฏุงู ุฎูุจ ุจูุฏ ู ูุดฺฉู ุฎุงุต ูุฏุงุดุชู
ูุงูุนุง ุชู ูพุดุชุจุงู ูู ุฏุงุฑุฏ
ููููู ุงุฒ ูุจ ุณุงุช ุฎูุจุชูู","ฑดฐฒ/ฐธ/ฐฑ","5"
469464,"3629a0213f314f4b9f9193c618ecf1dd",ูุงูุงูุง ุจุงุฑุฒุงู,"ุจุณุงุฑ ููุง ุฎูุจ ุจูุฏ
ุขุจ ุงุณุชุฎุฑ ฺฏุฑู ู ุชูุฒ ุจูุฏ
ููุงุฒู ูุง ูู ุจูุฏ","ฑดฐณ/ฐฒ/ฒฑ","5"
469465,a9153eb9c08243398e49c1e8e3d1c078,ุงุนุทุง ูุธุฑ,"ุชูุฒ ู ุนุงู ููฺฉุดู ุฎูุจ ุฏุงุดุช
ุฌฺฉูุฒ ู ุงุณุชุฎุฑ ฺฏุฑู ุจูุฏ","ฑดฐณ/ฐฒ/ฒฑ","5"
469466,"14dd94cdb3a44331a7f57a289fdbf715",ุงุนุทุง ูุธุฑ,ุงูุง ูุฎุฑ ุนุฒุฒ ููููู ููฺ ุนุงู,"ฑดฐฒ/ฑฒ/ฒฐ","5"
469467,"4152ccce13784fad85d75fd32b79b8df",ูุงูุฏ ูููุฑุฏ,ุจู ุฏุฑุง ุฎู ูุฒุฏฺฉ ุจูุฏ ูพุดููุงุฏ ูุดู,"ฑดฐณ/ฐธ/ฒฐ","5"
469468,"50a2c101e1994f408e0465da8d5699b4",ุงููุดุง ุจูุฎ,ุฎูุจ ุจูุฏ,"ฑดฐณ/ฐน/ฒฑ","5"
469469,"50a2c101e1994f408e0465da8d5699b4",ูุงุฑุง ุนุทุงุฑ,ูพุดููุงุฏ ูุดู,"ฑดฐณ/ฐน/ฒฐ","5"
469470,"50a2c101e1994f408e0465da8d5699b4",ุณูพูุฏุงุฑ ุฌุนูุฑ,"ุชูุฒ ู ูุฑุชุจ ุจูุฏ
ุฏุณุชุฑุณ ุจู ูุฑูุดฺฏุงู ู ุฌุงูุง ุชูุฑุญ ุฏุงุดุช","ฑดฐณ/ฐน/ฑฒ","5"
469471,d485a4aa0cb1458f88d92c5ea7b13cb1,ูุงูุงูุง ุจุงุฑุฒุงู,"ุจู ุดุฏุช ุชุดฺฉุฑ ูฺฉูู ุงุฒ ุฌูุงุจ ุฎูุฌ ุฒุงุฏูโฆุงูฺฉุงูุงุช ู ูุธุงูุช ุนุงูู..
ุงุณุชุฎุฑ ู ุฌฺฉูุฒ ูุงูุนุง ุขุจ ฺฏุฑู ุงุณุช
ุฒูู ููุชุจุงู..ุจูุงุฑุฏโฆููุชุจุงู ุฏุณุช..ุจุงุฒ ฺฉุงููพูุชุฑโฆฺฏุฑูุงุด ฺฉู..โฺูุงุฑุชุง ุงุณูพูุช..ุชูุงู ูุณุงู ุฑูุงู ..ุญุช ูุงุดู ุธุฑูุดู ูู ุฏุงุฑู..ุดุฏุฏุง ุชูุตู ูุดู
ุงูุชุฎุงุจ ุจุนุฏ ูุง ูุณุชุฏ","ฑดฐณ/ฐธ/ฒฐ","5"
469473,bfcc3093593c4855939e042e0af007dd,ูุงูุงูุง ุจุงุฑุฒุงู,ุฎููู ูู ุณุงุฒ ู ุฎูุด ููุดู ู ุดฺฉ ุจูุฏุ ูุณุงู ูุฑุชุจ ู ฺฉุงู ู ูู ุจูุฏูุฏุ ุจุฑุฎูุฑุฏ ูุฒุจุงู ุจุณุงุฑ ุนุงู ุจูุฏุ ุฏุฑ ุญุฏ ฺฉู ุจุง ูู ุฏูุณุช ุดุฏูุ 2 ุณุฑูุณ ู ุญูุงู ูุฌุฒุง ุฏุงุดุช ฺฉู ุจุณุงุฑ ููุงุณุจ ุจูุฏุ ููฺูู ุฎููู ุจุณุงุฑ ุชูุฒ ุจูุฏุ ุญุณ ุฑุงุญุช ุฏุฑ ุงู ุฎููู ุฏุงุดุชูุ ุฏุฑ ฺฉู ุงู ุฎููู ุฑู ูพุดููุงุฏ ูุฏูู,"ฑดฐณ/ฐธ/ฒฐ","5"
469474,de8f3067c827443388980e9d23217ea6,ุงูุฑ ุญุณู ุฎุงู ูพูุฑ,"ููููู ุงุฒ ุฎุงูู ุซุงุจุช
ุฎู ุดฺฉ ู ูุธุงูุช ุนุงู ุจูุฏ
ุฏููุง ุทุจู ฺฏูุชู ูพุดุชุจุงู ุจู ุชฺฉุณู ุฎู ูุฒุฏฺฉ ุจูุฏ
ูพุดููุงุฏ ูุดู","ฑดฐณ/ฐฑ/ฑน","5"
469475,"0ee9911d40fe4c8ba39e2db1a3f42f1b",ูุณุนูุฏ ููุฑุงู,"ููุง ุจุณุงุฑ ุชูุฒ ุจูุฏ ู ุฒุจุง
ุงุณุชุฎุฑ ุชูุฒ ู ฺฏุฑู ุจูุฏ
ุฑุงุถ ุจูุฏู ููููู ุงุฒ ุดูุง  ๐๐ฝ","ฑดฐณ/ฐฒ/ณฑ","5"
469476,"0ee9911d40fe4c8ba39e2db1a3f42f1b",ูุณุนูุฏ ููุฑุงู,๐๐ฝ,"ฑดฐณ/ฐฒ/ณฑ","5"
469477,"0ee9911d40fe4c8ba39e2db1a3f42f1b",ุนู ุนุฒุฒ,ููููู ููุง ุฎูุจ ู ุชูุฒ ุจูุฏ ูุฎุตูุตุง ุงุฒ ุณุงุช ุฌุงุฌูุฑู,"ฑดฐฒ/ฐท/ฑถ","5"
469478,d4c1baa43f144611b74d1126294d3414,ูุฑุถู ุจุงุชูุงู,ุนุงู ุจูุฏ ู ูุดฺฉู ูุฏุงุดุช,"ฑดฐณ/ฐน/ฑณ","5"
469479,"5b315cb5b8cd44c1838b26badbae8409",ููุชุงุจ ุญูุช,"ุณูุงู ู ุฎุณุชู ูุจุงุดุฏ ุฎุฏูุช ุฏูุณุชุงู ุฌุงุฌูุฑู ุ
 ูู ู ฺูุฏ ุจุงุฑ ูุณุช ฺฉู ุงู ุขูพุงุฑุชูุงู ู ุฑู ุงุฌุงุฑู ูฺฉูู ฺูู ูู ุขุฏุฑุณุด ุณุฑุฑุงุณุช ู ููู ุชุฑ ุงุฒ ููู ุจุณุงุฑ ุชูุฒู ุงูุฏูุงุฑู ฺฉู ุจู ููุช ุฎูุฏุด ุจุงู ุจูููู ุจุง ุชุดฺฉุฑ โฆ","ฑดฐณ/ฐท/ฑฐ","5"
469480,b32a5af059934598bae16e7284baa8d4,ููุฏ ุฑุญู,"ุณูุงู ูุง ูุงุญุฏ ุฑู ุจุฑุง ด ุดุจ ฺฏุฑูุชู ุจุณุงุฑ ุนุงู ู ุชูุฒ ุฏููุง ูุทุงุจู ุนฺฉุณ ููู ูุณุงู ุณุงูู ูุง ฺูุฏ ุณุฑ ููุท ูุจุงุณ ุดุณุชูุ ููุทูู ุนุงู ู ุฏุณุชุฑุณ ุจู ููู ฺ ฺฉูุชุฑ ุงุฒ ฑ ุฏููู ูุงุตูู ุชุง ูุชุฑู ุนุซูุงู ุจ ฺฉูุชุฑ ุงุฒ ต ุฏููู ูพุงุฏู ุฑูุ ููู ฺ ุนุงู ู ุฏุฑุฌู ฑ ู ุฎุงูู ุซุงุจุช ุฏุฑ ุงููุฌุง ููู ุฌูุฑู ููุง ูุง ุฑู ุฏุงุดุช ู ููุงุช ููฺฉุงุฑ ุฑู ุฏุงุดุชุ
ุงุฒ ููู ูููโุชุฑ ุงููุช ุนุงู ู ูุง ูพูู ู ูพุงุณูพูุฑุช ุฑู ุจุง ุฎุงู ุฑุงุญุช ูุฐุงุดุชู ู ูุฑูุชู ุจุฑููุ ุฎูุงุตู ฺฉู ููู ฺ ููู ุงูุนุงุฏู ุจูุฏ","ฑดฐณ/ฐน/ฒด","5"
469481,b32a5af059934598bae16e7284baa8d4,ููุงุฑ ุงูุงุฎุงู,ุจูุธุฑ ุจูุฏ ูุงูุนุง ููููู,"ฑดฐณ/ฐท/ฒท","5"
469482,b32a5af059934598bae16e7284baa8d4,ุณุนุฏ ูุญูุฏ,ุจุณุงุฑ ุขูพุงุฑุชูุงู ุชูุฒ ุจูุฏ ูพุดููุงุฏ ูุดู,"ฑดฐณ/ฐถ/ฒฐ","5"
469483,fb9afd50029d47cfa6de3db80bb5758d,ุจุงุฑุงู ุงูุฑ,ุฎู ุฎูุจ ู ุนุงู ุจูุฏ ูุง ุฎู ุฑุงุถ ุจูุฏู ุงุฒ ููู ฺุฒ ุงุฒ ูุธุฑ ูุธุงูุช ุดุฑุงุท ุนุงู ุจูุฏ ุงุณุชุฎุฑ ุฎู ุชูุฒ ู ุจุง ฺฉูุช ุนุงู ุจูุฏ.โ,"ฑดฐณ/ฐฑ/ฑณ","5"
469484,fb9afd50029d47cfa6de3db80bb5758d,ุขุฑูู ุจุงุจุงุฆ,"ฺฉูุช ููุง ุจ ูุณุจุช ูุจูุบ ุจุณุงุฑ ุฎูุจ ุจูุฏ
 ูุธุงูุช ุฑุนุงุช ุดุฏู ุจูุฏ ู ุณุณุชู ฺฏุฑูุงุด ุฎูุจ ุฏุงุดุช
ุงุจ ุงุณุชุฎุฑ ฺฏุฑู ุจูุฏ ุฏุฑ ฺฉู ุฎูุจ ุจูุฏ","ฑดฐณ/ฐฑ/ฑณ","5"
469485,"7e72387ff5474c0a992f7e96400c879d",ูุฑู ุงูุชุฎุงุฑ,"ุณูุงู ููุง ุชูุฒ ุจูุฏ ุงุณุชุฎุฑ ุฎูุจ ุจูุฏ ูุง ฺฉู ุฑุงุถ ุจูุฏู
ุจูุงุฑุฏ ู ููุชุจุงู ุฏุณุช ุฎู ุนุงู ุจูุฏ ุงุฒ ุงูฺฉุงูุงุช ุฏุงุฎู ุขุดูพุฒ ุฎุงูู ูู ุฑุงุถ ุจูุฏู
ุฏุณุชุฑุณ ูู ุฎูุจ ุจูุฏ ู ุงุตูุง ุฏุฑ ููุทูู ูพุฑุช ูุจูุฏ ุฑุงุญุช ูพุฏุง ฺฉุฑุฏู
ุงููุช ูู ุฎูุจ ุจูุฏ ุฏุฑ ฺฉู ูพุดููุงุฏ ูุฏู","ฑดฐณ/ฐน/ฒฐ","5"
469486,b53bd3e11dc34197844b146174ab3f78,ุญุณู ุงูุฏูุงุฑ,"ุงูุฌุงุฑู ุจุฑุง ูุฑุงุณู ุชููุฏ ููุณุฑู ฺฏุฑูุชู ุฎู ุฑุงุถ ุจูุฏู ูููโุงูุนุงุฏู ุชูุฒ ู ุดฺฉ ุจูุฏ.
ููููู ุชู ูพุดุชุจุงู","ฑดฐฒ/ฐท/ฑถ","5"
469487,"6d46c0ac40d74a4785cdb62c9bc16599",ุณุนุฏ ูุญูุฏ,"ููุทูู ุฎูุจ ุฏุงุดุช
ุงููุช ุนุงู ุจูุฏ
ุจุณุงุฑ ุชูุฒ ู ูู ุจูุฏ","ฑดฐณ/ฐธ/ฒฐ","5"
469488,"8a75785e3b504217827d044cb4756b58",ูุฑู ุงูุชุฎุงุฑ,"ูุธุงูุช ููุง ู ุงุณุชุฎุฑ ุนุงู ุจูุฏ.
ูุงุตูู ุงุฒ ุณุงุญู ููุท 15 ุฏููู ูพุงุฏู ุฑู ุจูุฏ.
ุฏุณุชุฑุณ ุจู ูุฑูุดฺฏุงู ุจุฑุง ุฎุฑุฏ ูุงุญุชุงุฌ ุนุงู ุจูุฏ.
ุงูฺฉุงูุงุช ุฏุงุฎู ููุง ุฎู ุฎูุจ ุจูุฏ.
ุจุฑุฎูุฑุฏ ูุงูฺฉ ุนุงู ุจูุฏ.","ฑดฐณ/ฐท/ฑน","5"
469489,fbb11afcc43f464db5d81b769760b440,ุดูุงุจ ูุงุดู,"ูุณุจุช ุจู ููุช ุนุงู ุจูุฏ ุฏุณุชุฑุณ ุฎูุจ ุฏุงุดุช
ููุงุณุจ ุฎุงููุงุฏู
ููููู ุงุฒ ุฎุงูู ุฑุถุง","ฑดฐณ/ฐณ/ฒฑ","5"
469490,"619a3871f32c48ae8a3fb5a1dc6303e4",ููุชุงุจ ููุช,"ุงู ููุง ูุณุจุช ุจู ููุชุด ูุงูุนุง ุฎูุจ ุจูุฏ
ฺฉู ููุงุฒู ูุฏู ุดุฏู ุงูุง ุงุณุชุฎุฑ ุขุจฺฏุฑู ู ููฺ ุฎูุจ ุจูุฏ","ฑดฐณ/ฐฑ/ฑณ","5"
469491,"8d832cad13954af9941cc4ecc2290014",ุณุนุฏ ูุญูุฏ,"ููู ฺุฒ ูู ุจูุฏ
ุขุจ ุงุณุชุฎุฑ ุชูุฒ ุจูุฏ
ููููู ุงุฒ ุงูุง ฺฏูุฌ ูพุงุณุฎฺฏู ุจูุฏู","ฑดฐณ/ฐฑ/ฒฒ","5"
469492,"3f9aa97d2bbc46f2a98289c6386232cf",ูุนู ุงุดุชุฑ,"ููู ฺ ฺฉุงูู ู ุนุงู
ุจุฑุง ููููู ฺฉุงููุง ุณู ุจูุฏ
ุงุณุชุฎุฑ ุฏุงุฎู ุงู ุฏุงุฑู ฺฉู ุชู ุนฺฉุณ ูุง ูุจูุฏ ููููู ุงุฒ ุงูุง ฺฏูุฌ","ฑดฐณ/ฐน/ฒฐ","5"
469493,"1619704dfe1745b4b3c5c108f52bc329",ูุงุฑุง ุนุทุงุฑ,"ุชูุฒ ู ููุงุณุจ ุจุฑุง ุฎุงูู ูุง ุจูุฏ
ุฎุงูู ุญู ูพุฑุณุช ุจุณุงุฑ ุขุฏู ุจุง ุตูุบู ูุณุชู ูพุดููุงุฏ ูุดู","ฑดฐฒ/ฑฒ/ฒฐ","5"
469494,b44eba1b68564a4b8f30db8697d3f08d,ูุฑฺฏุณ ุจูุง,"ููุง ฺฉุงููุง ูุทุงุจู ุนฺฉุณูุง ุจูุฏ ูู ุจูุฏ
ุชูุฒุููฺฉุดู ุนุงูุุงุณุชุฎุฑ ู ุฌฺฉูุฒ ุชูุฒ ู ุงุจ ฺฏุฑู ู ูุทุจูุนุ
ุญุงุท ุฒุจุง ู ุจุงุตูุง ู ูุฒุจุงู ูุญุชุฑู ู ุฎูุดุฑูุชุงุฑ ู ูุฑ ุฒูุงู ุฏุฑ ุฏุณุชุฑุณ
ูุซู ููุดู ุนุงู","ฑดฐณ/ฐฑ/ฑณ","5"
469495,"6853ac2f09f2414e841a7510216dab9b",ุฎุดุงุงุฑ ูุงูุงู,"ุงฺฏุฑ ุชู ุฏุฑุงุณุฑ ุฏูุจุงู ู ููุง ูู ู ุชูุฒ ูุณุชุฏ
ุงู ููุง ูพุดููุงุฏ ูุดู ููููู ุงูุง ุงุฎูุงู","ฑดฐฒ/ฑฑ/ฒฑ","5"
